"","Sample.Id","Na","Mg","Al","P","S","K","Ca","V","Cr_KED","Cr_NH3","Fe_NH3","Mn","Fe_KED","Co","Ni","Cu_KED","Cu_NH3","Zn","As_STD","As_KED","As_Oshift","Se..77..77.77..ppb.","Se77_Oshift","Se78_Oshift","Se80_Oshift","Se..82..82.82..ppb.","Se82_Oshift","Mo_NH3","Mo_Oshift","Cd111","Cd114","Pb_STD","Pb_NH3"
"59","DBLANK",128.759,59.052,0.399,5.535,1045.22,128.307,150.606,0.083,0.001,0.002,-0.08,0.001,0.026,0.001,0.004,0.988,1.031,-0.059,0.002,0.01,0.003,0.006,-0.019,-0.006,-0.007,-0.054,-0.005,-0.001,0.004,0,0,0.065,0.073
"65","DBLANK",127.388,59.09,0.69,5.644,1058.544,130.092,146.498,0.082,-0.001,0.005,-0.074,0.001,0.061,0.001,0.005,1.013,1.026,-0.059,-0.053,0.023,0.002,0.163,-0.019,-0.003,-0.004,0.01,0.003,0,0.005,0,0,0.069,0.073
"119","DBLANK",126.33,58.09,0.449,9.221,840.8,129.932,146.48,0.083,0.012,0.012,-0.053,0.003,0.012,0,0.013,0.056,0.071,-0.169,-0.028,0.01,0.003,0.172,-0.018,0.001,-0.003,0.039,0.003,-0.001,0.004,0,0.001,0.012,0.013
"120","DBLANK",127.068,61.029,0.471,9.658,933.472,135.859,146.355,0.081,0.013,0.011,0.415,0.001,0.518,0,0.002,0.087,0.086,-0.164,-0.035,0.024,0.003,0.11,-0.024,-0.007,-0.006,0.005,-0.001,-0.001,0.004,0,0.001,0.012,0.013
"761","5_10_23_DB",-11.218,-42.741,-0.323,2.574,426.427,1.234,-30.744,0.003,0.022,0.014,-0.342,-0.023,-0.41,0.002,0.007,0.035,0.031,-0.165,0.038,0,0,0.236,-0.017,0.001,0.001,0.005,0.01,-0.012,-0.013,0,-0.001,0.001,0.001
"791","5_10_23_DB",-9.933,-42.741,-0.244,3.028,465.085,2.75,-23.636,0.005,0.005,0.002,-0.445,-0.025,-0.497,0.002,0.006,0.017,0.017,-0.171,0.106,0.006,-0.001,0.056,-0.022,0,0.003,-0.019,0.002,-0.011,-0.013,0,-0.001,-0.001,0
"1242","5_10_23_DB",-13.849,-42.741,-0.38,2.629,297.698,-0.525,-30.744,0.003,0.006,0.005,-0.418,-0.024,-0.508,0.002,0.006,0.013,0.017,-0.171,0.022,0,-0.004,0.229,-0.017,0,-0.001,-0.175,0.006,-0.012,-0.013,0,-0.001,0,0
"1272","5_10_23_DB",-10.824,-41.665,-0.118,3.522,477.37,7.596,-25.911,0.005,0.018,0.018,-0.268,-0.024,-0.273,0.002,-0.003,0.026,0.031,-0.17,0.024,-0.006,-0.001,0.25,-0.017,-0.002,-0.001,-0.059,0.006,-0.01,-0.013,0,-0.001,0,0.001
"482","5_18_23_DB",69.227,12.522,-0.272,4.191,484.161,72.915,59.301,0.014,0.011,0.018,-0.314,0.017,-0.025,0.007,0.011,0.074,0.074,-0.111,0.014,0.012,0.015,0.069,0.052,0.016,0.012,0.004,0,0.006,0.014,0.015,0.011,0.024,0.03
"2101","5_18_23_DB",54.791,0.236,-0.583,2.799,400.832,54.871,42.892,-0.001,-0.007,-0.001,-0.518,0.001,-0.334,-0.007,-0.005,0.078,0.083,-0.141,-0.03,-0.011,-0.002,-0.006,0.006,-0.001,-0.01,-0.046,-0.021,-0.009,0.001,0.001,-0.003,0.018,0.023
"2112","5_18_23_DB",54.514,0.236,-0.592,3.978,284.214,60.618,42.947,0,-0.004,-0.001,-0.509,0,-0.419,-0.007,-0.002,0.088,0.082,-0.143,0.025,-0.007,-0.002,0.048,0.006,0.002,-0.011,-0.054,-0.008,-0.009,0.001,0.001,-0.002,0.018,0.023
"2201","5_18_23_DB",56.087,0.236,-0.344,3.03,483.68,56.547,42.803,0,0,0.007,1.103,0.008,1.24,-0.006,-0.004,0.082,0.075,-0.139,-0.01,-0.007,-0.002,0.13,0.006,0.01,-0.007,-0.005,-0.001,0.003,0.004,0.001,-0.002,0.018,0.021
"2212","5_18_23_DB",55.564,0.879,-0.459,4.255,414.761,59.288,40.926,0,0.001,0.004,1.092,0.008,1.195,-0.007,-0.005,0.082,0.08,-0.143,-0.033,-0.002,-0.001,0.085,0.013,0.002,-0.011,-0.064,-0.008,-0.001,0.002,0.001,-0.003,0.016,0.023
"2221","5_18_23_DB",55.029,0.236,-0.415,4.456,526.072,63.435,46.485,0,0.007,0.013,-0.381,0.003,-0.107,0.068,0.006,0.09,0.088,-0.094,-0.091,-0.002,-0.001,0.433,0.006,0.005,-0.008,0.013,-0.015,-0.004,0.002,0.001,-0.002,0.026,0.025
"2231","5_18_23_DB",55.599,0.236,-0.542,4.249,541.815,54.198,41.903,0,0.004,0.009,-0.356,0.003,-0.108,0.063,-0.006,0.086,0.091,-0.103,0.008,-0.011,-0.002,0.185,0.038,0.002,-0.007,-0.023,-0.021,-0.005,0.003,0.001,-0.003,0.021,0.02
"2241","5_18_23_DB",56.458,0.236,-0.495,4.087,584.687,57.12,41.914,0,-0.002,0.002,-0.463,0.006,-0.107,-0.007,0.001,0.066,0.061,-0.094,0.005,-0.011,-0.003,0.039,0.006,-0.001,-0.006,-0.035,-0.021,-0.005,0.002,0.001,-0.002,0.01,0.015
"2251","5_18_23_DB",56.141,0.236,-0.581,3.924,489.065,57.477,43.803,-0.001,-0.005,0,-0.466,0.004,-0.194,-0.007,0.005,0.058,0.062,-0.097,-0.032,0.003,-0.004,-0.024,0.006,0.013,-0.006,-0.036,-0.021,-0.006,0.002,0.001,-0.002,0.008,0.016
"67","T-239",56365.39,14677.149,130.837,16.823,2137.524,4160.107,54156.182,2.207,1.575,1.418,40.884,3.739,43.977,1.568,1.931,1.913,1.833,5.744,2.402,2.009,2.368,4.668,2.102,1.866,1.827,2.113,1.675,1.075,1.086,3.276,3.224,1.109,1.146
"1201","T-239",51612.48,13558.702,107.354,10.855,1009.236,4082.602,51231.181,2.028,1.35,1.304,40.206,3.567,43.384,1.473,1.777,0.635,0.596,5.426,2.34,2.177,2.276,4.688,1.901,1.808,1.86,2.227,1.97,1.032,1.035,3.202,3.113,1.154,1.183
"1221","T-239",47404.434,12302.606,101.769,9.976,725.697,3706.228,50344.552,1.897,1.369,1.348,41.061,3.931,40.661,1.347,1.664,0.671,0.655,5.717,2.378,2.096,2.464,4.946,2.022,1.987,2.024,2.259,2.039,1.065,1.162,3.312,3.247,1.154,1.213
"781","5_10_23_T-239",51632.551,13752.564,122.985,14.238,1319.959,4101.906,54941.225,2.098,1.51,1.454,45.145,4.037,47.326,1.597,1.835,0.82,0.848,6.157,2.449,2.176,2.545,4.809,2.012,2.002,2.071,2.324,2.122,1.155,1.185,3.474,3.39,1.203,1.27
"1262","5_10_23_T-239",48745.812,12605.458,110.686,12.915,1174.371,3746.08,54176.498,2.022,1.453,1.489,44.152,4.082,45.902,1.527,1.815,0.757,0.824,6.053,2.67,2.041,2.517,5.392,2.13,1.908,2.116,2.569,2.203,1.155,1.186,3.433,3.463,1.353,1.299
"492","5_18_23_T_239",46409.233,13062.629,115.987,12.282,1173.244,3943.083,49867.543,1.919,1.454,1.475,43.295,3.69,41.801,1.426,1.713,0.774,0.854,6.094,2.504,2.233,2.447,5.416,2.077,1.97,1.903,2.307,1.968,1.093,1.105,3.375,3.318,1.404,1.265
"502","5_18_23_T_239",48071.26,13505.381,121.15,12.896,1362.176,4062.05,53018.523,2.013,1.602,1.448,42.603,3.622,44.108,1.502,1.812,0.856,0.875,6.051,2.434,2.427,2.371,4.918,1.901,1.799,1.899,2.109,1.938,1.114,1.097,3.357,3.266,1.291,1.236
"1082","5_18_23_T_239",43818.697,12401.954,112.56,12.189,1049.091,3786.427,50300.461,1.882,1.404,1.478,42.543,3.619,39.753,1.363,1.598,0.751,0.847,5.922,2.244,2.153,2.35,5.183,1.876,1.911,1.864,2.109,1.765,1.101,1.077,3.244,3.206,1.343,1.279
"1092","5_18_23_T_239",43638.523,12318.097,114.446,11.713,1252.488,3804.265,50684.164,1.886,1.428,1.422,41.815,3.451,39.8,1.353,1.709,0.748,0.833,5.76,2.278,2.147,2.222,5.041,1.68,1.819,1.758,2.114,1.806,1.096,1.036,3.223,3.183,1.348,1.305
"1102","5_18_23_T_239",4013.351,652.681,7.873,16.841,1351.56,524.874,3247.715,1.028,0.029,0.037,-0.295,5.436,-0.051,0.009,0.05,0.052,0.071,0.593,0.206,0.033,0.053,0.265,0.019,0.019,0.013,0.827,0.018,0.237,0.198,0.004,0,0.008,0.014
"512","5_18_23_M_224",4052.025,642.919,7.396,17.072,916.498,519.102,2963.334,1.023,0.031,0.032,-0.312,5.513,-0.091,0.007,0.051,0.065,0.063,0.695,0.235,0.041,0.059,0.233,0.068,0.019,0.017,0.762,0.036,0.242,0.207,0.003,0.001,0.009,0.012
"1112","5_18_23_M_224",4417.085,4583.864,4.334,9.426,5249.387,4611.007,4862.572,4.813,4.976,5.129,4.742,5.042,4.437,4.856,4.676,4.938,5.063,4.912,4.923,4.764,4.819,5.973,5.051,4.585,4.778,5.345,5.013,4.809,4.942,4.763,4.786,5.999,5.248
"258","8_30_21_BB",29.16,14.603,2.945,0.002,329.119,47.472,72.94,0.005,0.025,0.021,0.737,0.012,0.951,0.001,0.007,0.105,0.094,0.006,0.074,0.033,0.012,0.086,-0.053,0.016,0.006,0.015,-0.042,0.004,0.005,0.001,-0.001,0.034,0.036
"452","9_13_21_BB",56.62,0.236,0.095,-0.631,229.603,62.868,45.752,0.001,0.007,0.016,-0.364,0.003,-0.213,-0.007,0.007,0.122,0.123,-0.043,0.057,0.005,0.013,-0.134,0.006,0.003,-0.006,-0.035,-0.017,-0.006,0.003,0.001,-0.001,0.019,0.025
"1022","10_1_21_BB",55.155,1.224,-0.253,-0.617,692.004,58.17,43.411,0,0.012,0.025,0.08,0.005,0.323,-0.006,0.003,0.08,0.081,-0.031,0.023,0.007,0.006,-0.076,0.011,0.007,-0.009,-0.009,-0.016,-0.005,0.004,0.001,-0.002,0.02,0.026
"2041","10_15_21_BB",56.122,1.531,-0.366,-0.728,443.641,59.176,44.666,0,0.014,0.019,-0.353,0.003,-0.234,-0.006,0.012,0.075,0.086,-0.061,0.003,0.007,0.001,0.109,0.013,0.005,-0.007,0.002,-0.021,-0.008,0.003,0.001,-0.002,0.013,0.019
"2051","10_15_21_BB",56.137,0.236,-0.198,-0.728,487.644,56.437,46.561,-0.001,0.013,0.02,-0.342,0.004,-0.166,-0.008,0.005,0.084,0.083,-0.062,0.014,-0.011,-0.001,0,0.006,0.007,-0.006,-0.022,-0.015,-0.006,0.003,0.001,-0.002,0.013,0.019
"24","LFB",2515.399,2530.65,6.116,2.208,2926.697,2509.185,2624.451,2.662,2.646,2.375,2.323,2.454,2.603,2.678,2.729,2.571,2.436,2.191,2.918,2.804,2.412,3.307,2.533,2.5,2.498,3.284,2.184,2.49,2.442,2.468,2.474,3.05,2.35
"25","LFB",2221.169,2292.789,5.538,2.003,2505.233,2124.819,2117.767,2.285,2.282,2.464,2.339,2.402,2.122,2.251,2.454,2.192,2.472,2.239,2.379,2.084,2.372,2.282,2.244,2.45,2.455,2.646,2.394,2.553,2.394,2.557,2.56,2.393,2.121
"58","LFB",2835.056,2761.117,7.274,2.775,3419.925,2585.651,2672.853,2.521,2.59,2.478,2.36,2.511,2.438,2.507,2.561,2.479,2.551,2.244,2.43,2.371,2.498,2.338,2.602,2.541,2.444,2.515,2.358,2.51,2.482,2.494,2.542,2.386,2.352
"66","MFB",5542.343,5575.999,5.388,12.784,5856.803,5107.76,5101.913,5.25,5.207,4.966,4.911,6.041,5.128,5.216,5.373,6.219,6.043,4.565,4.681,4.641,5.8,4.421,6.018,5.607,5.709,5.061,5.576,4.996,6.004,4.861,4.827,4.59,4.662
"90","LFB",2942.901,2939.267,7.876,2.729,3562.668,2679.223,2636.005,2.791,2.744,2.532,2.342,2.605,2.573,2.802,3.008,2.685,2.558,2.269,2.442,2.764,2.517,2.249,2.655,2.45,2.546,2.504,2.599,2.538,2.506,2.516,2.546,2.265,2.44
"121","LFB",2797.453,2784.528,7.506,4.508,3408.99,2544.064,2640.011,2.679,2.68,2.572,2.595,2.714,2.769,2.679,2.812,2.62,2.603,2.322,2.466,2.563,2.66,2.301,2.602,2.703,2.72,2.589,2.488,2.591,2.678,2.565,2.529,2.194,2.364
"122","MFB",6380.666,6709.99,7.857,15.48,5906.165,5137.176,6383.291,6.75,7.125,6.983,6.897,6.675,6.779,6.842,7.195,6.646,6.733,5.943,5.474,6.014,5.712,5.265,5.358,5.397,5.428,5.734,5.188,6.422,6.279,6.234,6.227,5.257,5.597
"1191","MFB",4872.497,4917.027,4.804,8.074,4644.125,4893.043,4948.707,4.933,4.745,4.953,5.056,4.767,4.728,4.887,4.839,4.886,5.104,4.774,4.639,4.335,4.645,4.359,4.823,4.632,4.757,4.694,4.574,5.144,4.877,5.211,5.167,4.925,5.115
"1211","LFB",2368.265,2317.221,6.052,3.063,2037.726,2189.536,2312.407,2.285,2.312,2.307,2.134,2.388,2.055,2.371,2.39,2.291,2.298,2.134,2.48,2.297,2.402,2.412,2.556,2.416,2.52,2.676,2.408,2.374,2.488,2.404,2.425,2.458,2.519
"145","LFB",2362.89,2161.067,6.674,2.254,2287.327,2276.97,2333.473,2.328,2.32,2.41,2.354,2.496,2.087,2.354,2.3,2.339,2.416,2.254,2.421,2.156,2.471,2.312,2.747,2.331,2.529,2.598,2.409,2.398,2.505,2.45,2.425,2.545,3.151
"2110","LFB",9591.802,9708.532,9.089,9.908,10108.539,9525.615,9366.248,9.761,9.599,10.045,10.008,10.261,9.732,10.064,10.178,9.665,9.892,10.289,9.547,9.022,10.18,9.407,9.929,9.746,9.984,9.939,9.744,10.648,10.438,9.917,10.114,9.134,9.571
"531","LFB",10161.161,10441.414,9.283,11.02,11171.194,10037.728,10717.81,10.35,10.296,10.364,10.441,11.035,10.339,10.706,10.692,10.205,10.278,10.584,10.177,9.396,10.752,10.136,10.359,10.125,10.64,11.184,10.747,10.728,11.067,10.036,10.184,9.323,9.948
"771","5_10_23_MFB",5365.941,5422.204,5.152,10.701,5647.27,5228.426,5402.115,5.509,5.547,5.32,5.385,5.626,5.697,5.551,5.485,5.483,5.218,5.13,4.877,4.609,5.223,4.965,5.061,5.231,5.251,5.146,5.221,5.318,5.474,5.103,5.115,4.854,5.247
"841","LFB",10540.991,10387.96,10.616,11.224,11092.905,9792.741,10652.025,10.502,10.295,10.547,10.631,11.151,10.282,10.734,10.687,10.237,10.379,10.651,10.154,9.648,10.724,9.98,10.457,10.623,10.783,11.025,10.924,11.04,11.11,10.141,10.241,9.504,10.078
"1151","LFB",10411.443,10176.315,10.52,11.338,11254.357,10032.882,10944.404,10.482,10.528,10.59,10.413,11.249,10.468,10.88,10.637,10.373,10.361,10.473,9.815,9.748,10.572,9.653,10.5,10.634,10.559,10.502,10.855,10.887,11.063,10.191,10.239,9.409,10.299
"1252","5_10_23_MFB",4939.388,4907.142,4.836,9.511,5401.632,4689.451,5154.907,5.098,5.108,5.458,5.588,5.667,5.029,5.223,5.169,5.064,5.372,5.275,4.891,4.4,5.214,5.147,4.642,5.138,5.206,5.099,5.23,5.527,5.456,5.25,5.315,4.997,5.395
"178","LFB",10254.403,9776.818,9.985,11.652,10403.517,9463.485,10132.481,10.601,10.557,10.833,10.917,11.483,10.05,10.622,10.495,10.24,10.463,10.617,9.669,9.201,10.798,9.613,10.685,10.727,10.948,10.316,10.277,10.98,11.231,10.046,10.144,8.935,10.065
"179","LFB",10017.54,9875.703,9.842,11.704,10429.615,9441.887,10498.91,10.584,10.386,11.005,10.855,11.51,10.303,10.68,10.531,10.309,10.46,10.641,10.151,9.312,10.864,10.416,11.374,10.599,10.726,10.471,11.01,11.116,11.315,9.985,10.081,9.355,9.989
"211","LFB",9832.968,9512.488,10.323,12.047,10952.736,9277.634,10700.782,10.4,10.281,10.846,10.617,11.41,9.962,10.382,10.499,10.114,10.281,10.646,9.888,9.059,10.89,9.735,10.794,10.86,10.853,10.731,11.079,11.051,11.492,10.05,10.269,9.081,10.059
"212","LFB",9938.389,9253.491,9.945,12.598,10929.352,9350.096,10403.04,10.348,10.244,10.812,10.619,11.46,9.896,10.52,10.488,10.143,10.358,10.654,10.206,9.488,10.819,10.165,10.793,10.76,11.044,10.866,10.997,11.172,11.446,10.113,10.283,9.121,10.103
"235","LFB",9526.058,9724.827,8.676,10.58,9700.894,9346.96,9322.953,9.688,9.757,9.794,9.626,9.786,9.354,9.573,9.715,9.836,9.763,9.808,9.813,10.552,10.056,9.707,10.571,9.801,9.887,9.827,9.956,9.792,9.622,9.662,9.769,8.95,9.096
"259","8_30_21_FB",55.394,24.36,1.939,-0.284,303.134,38.567,103.904,0.004,0.16,0.152,0.18,0.136,0.172,0.007,9.474,0.127,0.117,5.51,0.071,0.01,0.01,0.143,-0.042,0.007,0.009,-0.009,-0.037,0.004,0.005,0.002,0,0.063,0.065
"268","LFB",9262.485,9471.64,9.063,10.738,9258.761,9226.077,9558.039,9.562,9.423,9.592,9.49,9.654,9.161,9.339,9.321,9.426,9.454,9.501,9.585,10.467,9.914,9.634,10.252,9.839,9.803,9.666,10.234,9.675,9.766,9.784,9.84,9.44,9.601
"2111","LFB",10631.035,10937.22,10.705,11.531,10903.339,10615.197,10398.42,10.774,11.337,9.979,9.552,9.994,10.685,10.999,10.586,10.824,9.914,10.09,9.905,11.207,9.962,10.339,10.142,10.13,9.955,10.451,10.518,9.708,9.794,9.669,9.555,9.144,9.426
"462","9_13_21_FB",236.682,43.708,14.476,0.6,637.734,126.73,270.186,0.015,0.075,0.081,0.766,0.306,1.179,0.005,0.048,0.215,0.256,18.656,0.017,0.057,0.049,0.075,0.016,0.008,0.007,0.002,-0.013,0.096,0.105,0.01,0.007,0.089,0.092
"472","5_18_23_MFB",4836.235,5082.038,4.639,8.58,5184.044,4837.128,4882.119,4.93,5.264,5.2,4.613,5.065,4.685,5.037,5,5.12,5.161,4.859,4.389,5.008,4.881,4.404,5.128,4.897,4.945,4.584,5.171,4.817,4.873,4.833,4.848,4.658,5.036
"552","LFB",9318.233,9688.463,9.736,11.439,10212.812,9450.107,9627.478,9.624,10.03,9.82,9.689,9.848,9.376,9.828,9.545,9.851,9.823,9.719,9.522,10.035,9.838,10.37,10.479,9.859,9.986,10.113,9.856,9.568,9.801,9.496,9.469,9.432,9.622
"582","5_18_23_MFB",4976.516,5147.487,4.991,8.543,5454.665,4914.506,5048.872,5.06,5.276,5.629,5.309,5.146,4.97,5.269,5.126,5.25,5.575,5.242,4.739,5.171,4.959,4.933,4.776,4.913,4.819,5.069,5.013,5.237,4.937,5.168,5.192,4.949,4.855
"862","LFB",9466.654,9904.833,9.477,11.944,10401.544,9535.891,9640.566,9.591,10.078,10.063,9.793,9.95,9.266,9.741,9.437,9.702,9.829,9.773,9.801,10.032,9.739,10.624,9.898,9.917,9.983,10.321,9.944,9.526,9.809,9.4,9.46,9.772,9.635
"1032","10_1_21_FB",248.281,1.27,4.348,0.324,485.977,63.786,52.528,0.002,0.047,0.057,0.477,0.041,0.658,-0.005,0.053,0.229,0.234,4.14,-0.031,0.004,0.006,0.091,0.012,0.005,-0.006,-0.016,-0.021,-0.001,0.008,0.001,-0.002,0.019,0.024
"1162","LFB",8856.551,9233.412,9.028,11.503,10225.715,8971.617,9523.136,9.416,9.845,10.014,9.684,9.763,8.711,9.404,9.3,9.561,9.77,9.81,9.094,9.608,9.681,10.037,9.486,9.629,9.936,9.618,9.876,9.65,9.854,9.539,9.584,9.466,10.034
"1172","LFB",8924.974,9503.929,9.165,11.566,10370.332,9199.315,9709.237,9.565,10.068,10.037,9.768,9.865,8.755,9.675,9.395,9.684,9.915,9.794,9.283,9.528,9.862,10.271,9.967,10.191,10.065,9.832,10.303,9.651,9.894,9.545,9.61,9.692,9.943
"1193","5_18_23_MFB",56.675,0.236,-0.591,2.709,406.815,61.567,47.099,0.001,0.003,0.008,-0.439,0.002,-0.075,-0.007,0.001,0.066,0.065,0.062,0.051,-0.008,-0.002,0.064,0.012,0.009,-0.008,-0.04,-0.021,0.019,0.003,0.001,-0.002,0.008,0.014
"1481","LFB",9123.337,9345.985,9.373,11.674,10722.598,9204.839,9932.15,9.615,10.052,10.234,9.729,9.973,9.107,9.643,9.319,9.648,9.805,9.816,9.511,9.79,9.816,10.254,10.717,10.095,10.094,10.367,10.31,9.582,9.878,9.521,9.56,9.917,10.443
"1491","LFB",8972.123,9656.042,9.657,11.996,10536.256,9338.006,9596.564,9.78,10.045,10.204,9.831,9.96,9.193,9.712,9.121,9.631,9.886,9.812,9.331,9.445,9.794,10.198,9.798,10.191,10.111,10.071,10.015,9.51,9.94,9.509,9.602,9.669,10.036
"1821","LFB",8970.307,9183.333,9.299,11.541,10881.827,9176.043,9770.585,9.677,10.166,10.225,9.854,9.851,8.859,9.536,9.166,9.594,9.923,10.013,9.471,9.834,9.83,9.914,9.769,9.901,9.887,10.129,10.034,9.634,9.982,9.613,9.682,10.148,10.368
"1831","LFB",8867.568,9124.608,9.07,11.635,10358.631,9136.001,9792.101,9.651,9.983,9.995,9.532,9.823,8.843,9.559,9.21,9.555,9.656,9.46,9.027,9.728,9.669,9.559,10.129,9.879,10.122,9.828,9.972,9.379,9.762,9.38,9.431,9.853,11.217
"2021","10_15_21_FB",309.563,5.913,8.785,0.649,660.536,73.17,50.843,0,0.081,0.073,1.471,0.059,1.571,-0.006,0.01,0.105,0.117,7.531,-0.052,-0.007,0.009,0.133,0.006,0.005,-0.007,-0.022,-0.021,0.001,0.012,0.001,-0.001,0.05,0.054
"2031","10_15_21_FB",300.792,6.641,8.9,0.585,577.208,80.972,51.931,0.003,0.079,0.077,1.478,0.051,1.477,-0.006,0.014,0.098,0.119,7.555,-0.036,-0.007,0.008,0.17,0.014,0.005,-0.008,0.013,-0.021,0,0.01,0.001,-0.001,0.047,0.053
"2161","LFB",8604.331,8848.021,9.486,10.885,10437.653,9135.78,9755.584,9.597,9.82,9.709,9.297,9.626,8.505,9.207,8.924,9.29,9.448,9.334,9.072,9.289,9.589,9.852,9.358,9.438,9.901,9.588,10.196,9.389,9.895,9.429,9.514,10.59,10.836
"2171","LFB",8488.455,8863.876,9.071,11.365,10232.532,8918.442,9541.548,9.341,9.508,10.083,9.539,9.799,8.522,9.14,8.94,9.311,9.667,9.519,9.166,9.973,9.709,10.045,9.472,9.582,9.805,10.023,10.423,9.615,10.029,9.588,9.728,10.588,10.709
"2261","5_18_23_MFB",4502.953,4575.084,4.35,9.68,5801.114,4707.622,4994.994,4.941,5.215,5.117,4.863,5.141,4.775,4.855,4.621,5.001,5.026,4.633,4.537,4.844,4.936,5.161,5.291,5.069,4.971,4.881,4.902,4.738,5.132,4.656,4.734,5.656,5.658
"2271","5_18_23_MFB",4463.464,4710.486,4.735,9.663,5434.759,4631.435,5054.168,4.881,5.009,5.137,4.884,5.027,4.598,4.796,4.506,4.913,4.999,4.656,4.48,4.759,4.794,5.075,5.26,4.741,4.884,5.067,4.774,4.749,4.96,4.748,4.775,5.555,5.638
"2281","5_18_23_MFB",4428.924,4430.236,4.676,9.935,5721.935,4590.417,4902.02,4.806,5.028,4.968,4.522,4.892,4.277,4.713,4.554,4.871,4.914,4.507,4.476,4.362,4.655,5.26,5.151,4.877,4.715,4.893,4.817,4.588,4.828,4.655,4.68,5.578,6.192
"2291","5_18_23_MFB",4388.056,4647.989,4.468,10.016,5605.771,4604.674,4913.252,4.838,5.108,5.132,4.608,4.935,4.368,4.753,4.686,4.927,5.02,4.594,4.142,4.742,4.774,4.637,4.825,4.778,4.697,4.452,4.679,4.756,4.929,4.678,4.704,5.078,5.525
"661","MFB",5542.343,5575.999,5.388,12.784,5856.803,5107.76,5101.913,5.25,5.207,4.966,4.911,6.041,5.128,5.216,5.373,6.219,6.043,4.565,4.681,4.641,5.8,4.421,6.018,5.607,5.709,5.061,5.576,4.996,6.004,4.861,4.827,4.59,4.662
"1222","MFB",6380.666,6709.99,7.857,15.48,5906.165,5137.176,6383.291,6.75,7.125,6.983,6.897,6.675,6.779,6.842,7.195,6.646,6.733,5.943,5.474,6.014,5.712,5.265,5.358,5.397,5.428,5.734,5.188,6.422,6.279,6.234,6.227,5.257,5.597
"11911","MFB",4872.497,4917.027,4.804,8.074,4644.125,4893.043,4948.707,4.933,4.745,4.953,5.056,4.767,4.728,4.887,4.839,4.886,5.104,4.774,4.639,4.335,4.645,4.359,4.823,4.632,4.757,4.694,4.574,5.144,4.877,5.211,5.167,4.925,5.115
"7711","5_10_23_MFB",5365.941,5422.204,5.152,10.701,5647.27,5228.426,5402.115,5.509,5.547,5.32,5.385,5.626,5.697,5.551,5.485,5.483,5.218,5.13,4.877,4.609,5.223,4.965,5.061,5.231,5.251,5.146,5.221,5.318,5.474,5.103,5.115,4.854,5.247
"12521","5_10_23_MFB",4939.388,4907.142,4.836,9.511,5401.632,4689.451,5154.907,5.098,5.108,5.458,5.588,5.667,5.029,5.223,5.169,5.064,5.372,5.275,4.891,4.4,5.214,5.147,4.642,5.138,5.206,5.099,5.23,5.527,5.456,5.25,5.315,4.997,5.395
"4721","5_18_23_MFB",4836.235,5082.038,4.639,8.58,5184.044,4837.128,4882.119,4.93,5.264,5.2,4.613,5.065,4.685,5.037,5,5.12,5.161,4.859,4.389,5.008,4.881,4.404,5.128,4.897,4.945,4.584,5.171,4.817,4.873,4.833,4.848,4.658,5.036
"5821","5_18_23_MFB",4976.516,5147.487,4.991,8.543,5454.665,4914.506,5048.872,5.06,5.276,5.629,5.309,5.146,4.97,5.269,5.126,5.25,5.575,5.242,4.739,5.171,4.959,4.933,4.776,4.913,4.819,5.069,5.013,5.237,4.937,5.168,5.192,4.949,4.855
"11931","5_18_23_MFB",56.675,0.236,-0.591,2.709,406.815,61.567,47.099,0.001,0.003,0.008,-0.439,0.002,-0.075,-0.007,0.001,0.066,0.065,0.062,0.051,-0.008,-0.002,0.064,0.012,0.009,-0.008,-0.04,-0.021,0.019,0.003,0.001,-0.002,0.008,0.014
"22611","5_18_23_MFB",4502.953,4575.084,4.35,9.68,5801.114,4707.622,4994.994,4.941,5.215,5.117,4.863,5.141,4.775,4.855,4.621,5.001,5.026,4.633,4.537,4.844,4.936,5.161,5.291,5.069,4.971,4.881,4.902,4.738,5.132,4.656,4.734,5.656,5.658
"22711","5_18_23_MFB",4463.464,4710.486,4.735,9.663,5434.759,4631.435,5054.168,4.881,5.009,5.137,4.884,5.027,4.598,4.796,4.506,4.913,4.999,4.656,4.48,4.759,4.794,5.075,5.26,4.741,4.884,5.067,4.774,4.749,4.96,4.748,4.775,5.555,5.638
"22811","5_18_23_MFB",4428.924,4430.236,4.676,9.935,5721.935,4590.417,4902.02,4.806,5.028,4.968,4.522,4.892,4.277,4.713,4.554,4.871,4.914,4.507,4.476,4.362,4.655,5.26,5.151,4.877,4.715,4.893,4.817,4.588,4.828,4.655,4.68,5.578,6.192
"22911","5_18_23_MFB",4388.056,4647.989,4.468,10.016,5605.771,4604.674,4913.252,4.838,5.108,5.132,4.608,4.935,4.368,4.753,4.686,4.927,5.02,4.594,4.142,4.742,4.774,4.637,4.825,4.778,4.697,4.452,4.679,4.756,4.929,4.678,4.704,5.078,5.525
"260","8_30_21_LAB_A",27.285,12.196,-0.119,-0.663,253.079,33.439,65.876,0.005,0.071,0.08,0.092,0.009,0.101,0.001,0.285,0.1,0.096,0.013,0.072,0.01,0.006,0.201,-0.053,0.003,0.003,0.001,-0.042,0.024,0.025,0.001,-0.001,0.033,0.033
"261","8_30_21_LAB_B",28.239,12.196,-0.319,-0.643,148.444,37.452,73.03,0.001,0.022,0.029,-0.092,0.005,-0.17,0.001,0.267,0.076,0.092,-0.021,0.058,0.018,0.005,0.148,-0.053,0.004,0.004,-0.009,-0.037,0.002,0.003,0.001,-0.001,0.033,0.032
"442","9_13_21_LAB_A",63.816,0.236,-0.122,-0.623,285.199,59.755,42.303,0,0.01,0.014,-0.346,0.039,-0.254,-0.007,0.028,0.585,0.595,0.123,0.094,0.011,0.023,-0.061,0.021,0.004,-0.006,0.033,-0.021,-0.004,0.002,0.001,-0.002,0.018,0.024
"1042","10_1_21_LAB_A",56.507,0.236,-0.21,-0.676,481.885,59.104,45.75,0,0.008,0.015,-0.12,0.008,-0.074,-0.007,0.007,0.084,0.078,0.126,0.062,0,0.001,0.004,0.012,0.011,-0.008,0.003,-0.016,-0.008,0.003,0.001,-0.002,0.018,0.022
"1052","10_1_21_LAB_B",56.751,0.76,-0.34,-0.605,356.091,54.377,42.052,0,0.043,0.047,-0.074,0.01,0.035,-0.007,0.008,0.093,0.091,0.089,0.054,-0.008,0.001,-0.182,0.006,0.001,-0.007,-0.035,-0.016,-0.008,0.002,0.001,-0.002,0.041,0.043
"2061","10_15_21_LAB_A",56.962,0.236,-0.393,-0.762,312.466,55.556,41.9,-0.001,0.039,0.043,-0.184,0.007,-0.078,-0.008,0,0.088,0.089,-0.04,-0.019,-0.011,-0.001,0.024,0.006,-0.001,-0.011,0.032,-0.021,-0.003,0.006,0.001,-0.002,0.016,0.021
"2071","10_15_21_LAB_A",56.399,0.236,-0.384,-0.756,619.799,55.455,42.808,0,0.04,0.047,-0.161,0.006,-0.054,-0.007,0.002,0.098,0.093,-0.026,-0.019,-0.007,-0.002,0.2,0.006,0.002,-0.008,-0.023,-0.021,-0.001,0.007,0.001,-0.002,0.017,0.021
"2081","10_15_21_LAB_B",55.883,0.899,-0.327,-0.692,463.723,57.1,41.943,-0.001,0.012,0.016,-0.367,0.003,-0.174,-0.007,0.008,0.098,0.147,0.099,-0.02,-0.002,-0.003,0.114,0.006,0.005,-0.008,-0.085,-0.015,-0.009,0.002,0.001,-0.003,0.016,0.021
"2091","10_15_21_LAB_B",54.233,0.236,-0.181,-0.66,232.491,61.695,41.883,0,0.009,0.016,-0.364,0.002,-0.233,-0.007,0.002,0.111,0.101,0.098,0.029,-0.011,-0.003,0.075,0.014,-0.001,-0.012,-0.081,-0.015,-0.009,0.002,0.001,-0.002,0.017,0.021
