,Group.1,Group.2,Group.3,...1,SAMPLING_DATE,SITE,SITE_DISTANCE,FIELD.REP,OM.AREA.g.m2,ASH.AREA.g.m2,PHICOCYANIN.MG.M2,TOTAL.MG.M2.RITCHIE,As,Car,Cd,Cu,Fer.1,Mo,P,Pb,Se,Znr,As.1,Car.1,Cd.1,Cu.1,Fer.1.1,Mo.1,P.1,Pb.1,Se.1,Znr.1,SS.As,SS.Ca,SS.Cd,SS.Cu,SS.Fe,SS.Mo,SS.P,SS.Pb,SS.Se,SS.Zn,CL.As,CL.Ca,CL.Cd,CL.Cu,CL.Fe,CL.Mo,CL.P,CL.Pb,CL.Se,CL.Zn,TD.As,TD.Ca,TD.Cd,TD.Cu,TD.Fe,TD.Mo,TD.P,TD.Pb,TD.Se,TD.Zn
27,6/22/2021,GR,EPIL,22,6/22/2021,NA,64.82,3,14.15166764,59.29017814,30.56608917,35.03989622,0.075140235,132.6681089,0.006064474,0.628972957,18.83634625,0.001648411,2.675471328,0.094091792,0.004260251,23.69543745,0.384862938,855.6897917,0.033479375,3.355406087,98.44963665,0.013443708,15.20648825,0.496472876,0.025259564,70.3544155,12.84995732,59098.23099,0.060416937,13.90725639,131.1604015,12.07525661,49.94399893,1.26508994,0.142143197,5.572453166,12.04164992,58857.9547,0.037943215,9.318526537,,12.07525661,42.86437718,0.304594294,0.142143197,3.573112979,11.07861273,56078.16017,0.032270945,,0.893056537,11.2267707,38.31534624,0.162391533,0.128457399,2.753237896
34,6/22/2021,WS,EPIL,8.4,6/22/2021,NA,0,3,9.838670442,53.6774008,16.85451351,23.71704004,0.093115942,77.20611916,0.003636924,0.623207729,20.79057971,0.00491752,2.088703704,0.078926731,0.004142438,20.51166667,0.777189474,637.8444154,0.030283357,5.251946621,174.9753573,0.04084886,17.3854744,0.665919474,0.034257215,165.8556867,12.90683137,50014.60911,0.033927077,5.72370507,116.0729088,19.63937721,95.5127819,0.525357806,0.150406372,2.574909322,12.00705689,48149.2225,0.017703497,4.575401795,23.81657906,17.61530475,69.59671117,0.225761604,0.126997065,2.574909322,10.92966822,31520.2563,0.014483843,3.289832296,1.675795996,17.57099456,52.27573716,0.163006529,0.105693162,1.363533802
20,6/22/2021,GC,EPIL,18.83333333,6/22/2021,NA,89.22,2.666666667,7.682113386,19.72099037,29.7969269,29.28408004,0.033018761,146.600012,0.004837305,0.242720232,9.329701045,0.000467997,2.175439413,0.04324479,0.003515056,8.383490012,0.254455042,1120.950482,0.036977467,1.861480301,71.89326864,0.003528105,16.6171493,0.328217923,0.026499063,67.32484286,9.938812509,54882.01793,0.044574112,,156.638577,6.751938948,52.77232571,1.030440871,0.145710188,8.226902983,8.872760222,54882.01793,0.026404921,,23.42879731,6.751938948,46.57525714,0.302618789,0.145710188,8.226902983,7.991082317,47860.89366,0.021627081,4.649268471,0.641500704,6.277172244,45.17464808,0.167812833,0.096693384,1.716684255
71,6/22/2021,GC,FILA,318,6/22/2021,NA,89.22,1,4.946957858,7.885988876,NA,4.097101234,NA,NA,NA,NA,NA,NA,NA,NA,NA,NA,NA,NA,NA,NA,NA,NA,NA,NA,NA,NA,9.938812509,54882.01793,0.044574112,,156.638577,6.751938948,52.77232571,1.030440871,0.145710188,8.226902983,8.872760222,54882.01793,0.026404921,,23.42879731,6.751938948,46.57525714,0.302618789,0.145710188,8.226902983,7.991082317,47860.89366,0.021627081,4.649268471,0.641500704,6.277172244,45.17464808,0.167812833,0.096693384,1.716684255
16,8/3/2021,DL,EPIL,105,8/3/2021,NA,44.9,3,8.212805306,34.40038799,12.77376272,43.81623153,0.033462666,271.5092257,0.006202083,0.776456247,19.71315608,0.004871999,2.410535306,0.093336846,0.011104772,18.49496237,0.261060958,2131.471873,0.048706443,6.056015509,153.4309584,0.038155676,18.82870404,0.727078132,0.087250212,143.3661367,14.3005161,76458.18136,0.075747537,15.26767875,157.6809961,7.43468161,16.95550163,1.324702213,0.287672602,10.19223691,12.39680685,75944.1939,0.039818325,8.255989918,20.77378254,7.43468161,6.384603835,0.192807557,0.239146608,7.066552601,12.39680685,70691.31803,0.036858811,4.415477038,0.998792364,6.978384416,6.384603835,0.068899517,0.239146608,4.623640181
13,6/22/2021,DL,EPIL,17,6/22/2021,NA,44.9,3,15.59642641,36.17579156,30.88449263,39.50604376,0.055234247,57.63958071,0.003183589,0.48958454,15.91868051,0.00195026,2.103957552,0.074475651,0.003246313,14.49998974,0.853697798,871.3542888,0.049835958,7.612996069,248.2506653,0.032969916,33.48794851,1.164360707,0.052269476,206.0917754,12.81938004,54436.67293,0.050544452,14.03358018,133.664967,13.0939943,45.09788841,1.038128123,0.122942172,4.881509423,11.52418701,52941.53361,0.030590594,8.103007787,19.0230195,12.91684143,32.1674882,0.281228127,0.122715272,3.401555901,11.44683498,49979.47914,0.022115906,4.873466893,0.855182464,12.44574943,31.43901176,0.147037123,0.122715272,1.422121396
35,7/7/2021,WS,EPIL,36.8,7/7/2021,NA,0,3,7.805485518,24.24589798,9.020649593,21.85942205,0.069576291,77.67117842,0.003382705,0.453697935,13.7732076,0.006886526,2.240765524,0.073026982,0.011046385,69.6936797,0.529201144,552.0698099,0.026936102,3.494050205,105.7380556,0.049267365,19.1985931,0.657822813,0.069252726,433.5533689,11.01401062,69916.86871,0.027464676,8.371134504,77.52444759,25.44492333,83.36660081,0.144424108,0.219388764,3.938742688,10.82049966,69916.86871,0.019654866,7.714183547,16.14269759,25.44492333,56.08866996,0.102894427,0.11373993,3.938742688,10.82049966,69916.86871,0.019654866,,1.147265885,25.44492333,56.08866996,0.048172727,0.086415387,3.938742688
17,8/17/2021,DL,EPIL,130,8/17/2021,NA,44.9,3,7.693571374,40.48761958,16.61358008,25.12240466,0.021777493,160.0605064,0.002466689,0.697565254,14.83444038,0.005211438,1.397747881,0.077865122,0.007026185,36.75884423,0.164419202,1089.943679,0.017644143,4.807098088,102.0760637,0.034453998,9.249907364,0.535903857,0.046237001,232.9614154,13.81730553,81819.56108,0.049999307,12.10165099,113.0123136,22.28331083,26.51571377,1.508762478,0.217214907,10.93380775,13.22476649,77669.14157,0.033093226,7.056787763,16.04782931,22.28331083,26.51571377,1.508762478,0.217214907,10.93380775,12.18524145,75134.91984,0.030997567,3.39182245,,19.98145253,26.51571377,0.226445993,0.217214907,4.331936254
14,7/7/2021,DL,EPIL,43,7/7/2021,NA,44.9,3,12.08268235,56.76147031,12.47038325,22.11598846,0.062977746,87.77796019,0.004248428,0.608494102,14.03843724,0.001403032,1.353772509,0.088351934,0.005906083,30.45206842,0.759733031,1054.053322,0.049408575,7.301468106,169.4326206,0.016739852,15.78703156,1.094635053,0.068687243,353.8201626,12.80077676,63942.02563,0.048547271,9.616945001,97.56966832,14.29350691,58.296512,0.682134351,0.249435643,8.031211959,12.78669291,63942.02563,0.035585433,6.517634143,14.81179243,14.29350691,29.10502018,0.509215895,0.156962149,8.031211959,11.40356631,63942.02563,0.033301572,3.185191132,0.829712123,13.10256508,29.10502018,0.228483834,0.150799307,2.6805463
29,7/20/2021,GR,EPIL,81,7/20/2021,NA,64.82,3,19.32857376,112.4986199,29.96045266,57.51180311,NA,NA,NA,NA,NA,NA,NA,NA,NA,NA,NA,NA,NA,NA,NA,NA,NA,NA,NA,NA,12.76774847,64011.09254,0.03852041,8.139114273,79.38316671,8.098811915,32.16694725,0.297722884,0.276064777,3.872021589,11.93670384,63735.54242,0.03852041,6.822151703,14.79318473,8.098811915,14.8847409,0.227635514,0.183302009,3.614477237,11.16491357,58167.69772,0.026214843,2.773362369,2.290534831,7.50269646,14.8847409,0.052725595,0.183302009,2.219125835
21,7/7/2021,GC,EPIL,53,7/7/2021,NA,89.22,3,8.870821198,42.08963339,18.52736809,23.02185046,0.052338423,106.8714075,0.004208453,0.420452381,15.6496084,0.001524868,2.178516009,0.067562495,0.011453056,62.47470828,0.420285299,720.7178114,0.029801572,3.191877837,113.0217253,0.013776919,15.51254119,0.515169767,0.103476357,564.9540963,10.92391646,60380.45919,0.042804967,7.844952931,98.73681116,6.995522032,46.80774356,1.193324403,0.191992081,3.888996397,10.92391646,60380.45919,0.033004134,6.417527664,14.73750256,6.995522032,40.91258426,1.193324403,0.139455209,3.042349894,10.19000559,57561.88975,0.025913214,2.952356151,0.901156391,6.414796979,23.98911113,0.388403721,0.139455209,1.664227135
49,7/7/2021,GC,EPIP,242.5,7/7/2021,NA,89.22,3.5,1.305830666,6.208358889,1.882383769,2.126496676,0.052375884,45.64625609,0.002943779,0.51653942,19.06141008,0.001151929,1.954515596,0.079024228,0.008651967,47.88781974,0.073954552,60.48096497,0.004209736,0.746509635,26.35899009,0.001490176,2.530357739,0.113153706,0.01119249,60.40707498,10.92391646,60380.45919,0.042804967,7.844952931,98.73681116,6.995522032,46.80774356,1.193324403,0.191992081,3.888996397,10.92391646,60380.45919,0.033004134,6.417527664,14.73750256,6.995522032,40.91258426,1.193324403,0.139455209,3.042349894,10.19000559,57561.88975,0.025913214,2.952356151,0.901156391,6.414796979,23.98911113,0.388403721,0.139455209,1.664227135
72,7/7/2021,GC,FILA,334,7/7/2021,NA,89.22,3,85.59689281,303.3990207,NA,89.7416759,0.016952161,17.42216037,0.001039178,0.15808978,8.291314082,0.000994101,1.148011697,0.028436223,0.000715134,0.247664021,1.631883899,1554.713197,0.09898257,15.06866968,751.0324685,0.08205661,103.4289528,2.593523922,0.05692113,23.37549086,10.92391646,60380.45919,0.042804967,7.844952931,98.73681116,6.995522032,46.80774356,1.193324403,0.191992081,3.888996397,10.92391646,60380.45919,0.033004134,6.417527664,14.73750256,6.995522032,40.91258426,1.193324403,0.139455209,3.042349894,10.19000559,57561.88975,0.025913214,2.952356151,0.901156391,6.414796979,23.98911113,0.388403721,0.139455209,1.664227135
1,6/22/2021,BG,EPIL,10.66666667,6/22/2021,NA,144.32,2.666666667,8.899037468,64.22728493,14.94955672,21.79040367,0.04113007,68.73571416,0.003959834,0.427754352,16.29375136,0.000465748,1.518692812,0.074212203,0.003498155,4.354358485,0.366478932,502.853314,0.032621558,3.804992036,148.9394759,0.002831969,12.52913228,0.644090097,0.02127049,23.76692336,10.856141,71500.29627,0.077890528,16.85714625,127.5913771,5.724900642,54.83578638,0.839074385,0.190325112,7.711198561,10.856141,62509.88728,0.032657122,7.796260275,14.4623344,5.724900642,54.63543796,0.28014247,0.190325112,2.869191236,9.172424893,59987.40641,0.026171449,4.727889424,0.505353738,5.551614795,49.57596445,0.159131928,0.138278275,1.034473371
39,6/22/2021,BG,EPIP,232.5,6/22/2021,NA,144.32,4.5,0.74476923,5.185324232,1.320147305,0.974062748,0.057118692,31.57183561,0.003067875,0.502947825,20.22767737,0.000656797,1.416068702,0.079419103,0.004933104,31.45875291,0.043199079,21.61228029,0.002487338,0.400536883,15.45451787,0.000381324,0.997716304,0.063578177,0.002864069,18.93999664,10.856141,71500.29627,0.077890528,16.85714625,127.5913771,5.724900642,54.83578638,0.839074385,0.190325112,7.711198561,10.856141,62509.88728,0.032657122,7.796260275,14.4623344,5.724900642,54.63543796,0.28014247,0.190325112,2.869191236,9.172424893,59987.40641,0.026171449,4.727889424,0.505353738,5.551614795,49.57596445,0.159131928,0.138278275,1.034473371
59,6/22/2021,BG,FILA,321.8333333,6/22/2021,NA,144.32,3,63.05246311,253.1856095,NA,195.4521515,0.00968241,5.677852475,0.000681496,0.095567578,4.983632508,0.000527141,0.710474499,0.016316041,0.000771461,0.177110488,0.707395519,406.7393974,0.050122147,7.061129037,346.3519708,0.038136792,52.66660739,1.18902631,0.058892756,12.79572891,10.856141,71500.29627,0.077890528,16.85714625,127.5913771,5.724900642,54.83578638,0.839074385,0.190325112,7.711198561,10.856141,62509.88728,0.032657122,7.796260275,14.4623344,5.724900642,54.63543796,0.28014247,0.190325112,2.869191236,9.172424893,59987.40641,0.026171449,4.727889424,0.505353738,5.551614795,49.57596445,0.159131928,0.138278275,1.034473371
7,6/22/2021,BN,EPIL,22.8,6/22/2021,NA,167.82,3,8.765594775,65.65450596,21.39091809,18.42046916,0.024009524,51.54074923,0.002663924,0.274967917,11.34112383,0.000473224,2.888153632,0.049994576,0.003554315,3.895663748,0.234703208,411.7224431,0.022939821,2.691472972,110.6863484,0.003425769,24.28290567,0.473251317,0.025730434,26.47793128,10.56506158,62887.47531,0.045256025,10.68202712,120.6675003,5.524802792,58.737805,0.898875317,0.170843901,5.914260051,10.49623137,62146.99745,0.034718472,8.508007227,14.26511442,5.524802792,54.48708943,0.288947514,0.170843901,4.076511982,9.129827418,58558.30561,0.02445536,4.674474444,0.534254592,5.04339323,49.37642433,0.164101274,0.124652609,1.177282331
44,6/22/2021,BN,EPIP,234.6,6/22/2021,NA,167.82,3,3.554314693,37.66100405,5.186292315,3.009187272,0.047278684,25.47818233,0.00304532,0.456090848,19.3693115,0.000331767,1.326880326,0.078878695,0.002491853,14.1850816,0.181441854,82.80535169,0.012281527,1.821822235,72.58036638,0.001081514,4.411820708,0.314128386,0.00812315,46.29276379,10.56506158,62887.47531,0.045256025,10.68202712,120.6675003,5.524802792,58.737805,0.898875317,0.170843901,5.914260051,10.49623137,62146.99745,0.034718472,8.508007227,14.26511442,5.524802792,54.48708943,0.288947514,0.170843901,4.076511982,9.129827418,58558.30561,0.02445536,4.674474444,0.534254592,5.04339323,49.37642433,0.164101274,0.124652609,1.177282331
65,6/22/2021,BN,FILA,356.5714286,6/22/2021,NA,167.82,2.571428571,61.57621262,467.5703912,NA,147.4029579,0.013809911,9.589893769,0.001143127,0.133216278,7.121202599,0.000869009,1.707292581,0.024355711,0.001000116,0.321662533,0.861603374,514.9157919,0.070171888,8.783872198,479.5382693,0.048231931,61.61752395,1.632642902,0.073824297,20.73357036,10.56506158,62887.47531,0.045256025,10.68202712,120.6675003,5.524802792,58.737805,0.898875317,0.170843901,5.914260051,10.49623137,62146.99745,0.034718472,8.508007227,14.26511442,5.524802792,54.48708943,0.288947514,0.170843901,4.076511982,9.129827418,58558.30561,0.02445536,4.674474444,0.534254592,5.04339323,49.37642433,0.164101274,0.124652609,1.177282331
31,8/17/2021,GR,EPIL,135,8/17/2021,NA,64.82,3,6.382567077,21.58603126,20.47874531,20.11118334,0.004755203,161.019155,0.001610435,0.421058677,10.04289664,0.005576345,2.202496033,0.052929892,0.012617459,71.25990003,0.024688384,881.3745738,0.008641996,2.15534321,52.44827407,0.026345866,12.39611878,0.272524824,0.065508183,368.5519102,13.57569011,79118.9539,0.051950574,11.20779395,113.2637791,17.29665337,36.34778047,0.837690943,0.242272952,5.847300511,13.21725147,79118.9539,0.033131707,7.87159861,14.19281659,17.29665337,36.34778047,0.314893102,0.212948178,4.563072326,12.08750693,71782.54482,0.024794747,3.765338548,0.49338685,15.92229097,36.34778047,0.101165397,0.167550941,2.580406936
2,7/7/2021,BG,EPIL,53,7/7/2021,NA,144.32,3,17.1996094,101.2452386,21.13753286,34.93103471,0.06661487,87.17469112,0.006735735,0.733127698,27.20220011,0.001017121,1.947110612,0.118880768,0.00763944,32.76906739,1.618139145,1757.525106,0.152006054,18.10291656,672.7755901,0.019739972,43.33648591,2.905404074,0.148263951,675.6057966,11.91860001,72368.25596,0.039630996,8.139777923,100.1706202,6.723644102,41.2083206,0.741279001,0.241518162,3.934266901,11.91860001,72368.25596,0.037494976,8.139777923,14.01279694,6.723644102,41.2083206,0.741279001,0.196537562,3.396012108,11.22955237,68361.02235,0.029951625,3.169342167,0.468402153,4.983118962,18.96716008,0.260427849,0.171800112,1.601204624
40,7/7/2021,BG,EPIP,281.8,7/7/2021,NA,144.32,3,3.332559752,32.57303374,3.700228665,4.832144511,0.039382288,29.51485427,0.003123441,0.455776522,17.6978902,0.000499698,1.298064053,0.073517749,0.003119457,16.17060745,0.16846691,118.2747981,0.014072255,2.067760889,79.42780751,0.002376685,5.581575925,0.328426549,0.009352723,42.57973835,11.91860001,72368.25596,0.039630996,8.139777923,100.1706202,6.723644102,41.2083206,0.741279001,0.241518162,3.934266901,11.91860001,72368.25596,0.037494976,8.139777923,14.01279694,6.723644102,41.2083206,0.741279001,0.196537562,3.396012108,11.22955237,68361.02235,0.029951625,3.169342167,0.468402153,4.983118962,18.96716008,0.260427849,0.171800112,1.601204624
60,7/7/2021,BG,FILA,336,7/7/2021,NA,144.32,3,81.06869102,308.3060759,NA,179.6239809,0.023370841,21.63731386,0.001691875,0.269094603,8.928110484,0.000386551,1.232660373,0.033393162,0.000915798,0.412010679,1.698150565,1064.273657,0.11217559,18.50473932,602.7054147,0.025472827,76.87432971,2.282175619,0.043096132,27.82432732,11.91860001,72368.25596,0.039630996,8.139777923,100.1706202,6.723644102,41.2083206,0.741279001,0.241518162,3.934266901,11.91860001,72368.25596,0.037494976,8.139777923,14.01279694,6.723644102,41.2083206,0.741279001,0.196537562,3.396012108,11.22955237,68361.02235,0.029951625,3.169342167,0.468402153,4.983118962,18.96716008,0.260427849,0.171800112,1.601204624
37,8/3/2021,WS,EPIL,100,8/3/2021,NA,0,3,8.188252474,22.72972555,10.6229861,12.37133514,0.029895703,87.44574174,0.003167464,0.448428813,10.94292639,0.006595622,1.603482645,0.049544581,0.008069689,18.79652537,0.307600649,749.0226594,0.030159803,3.1338489,75.15603529,0.066640451,12.86289214,0.329608154,0.071220206,88.85057802,10.64215308,62224.02585,0.02585974,4.741788841,80.53033742,12.0785049,14.29974064,0.354315623,0.168726737,3.869526146,9.979028277,62224.02585,0.015263914,2.53808398,13.20968918,12.0785049,11.01422492,0.092593276,0.11425635,3.869526146,8.848734901,57413.05548,0.013941476,1.837303104,0.651213381,10.50665564,11.01422492,0.031955533,0.097385696,2.933762188
57,8/3/2021,WS,EPIP,267.5,8/3/2021,NA,0,2,0.37209232,0.861395181,0.628318657,1.622373031,0.003353023,106.9945355,0.004098361,0.25273224,7.482240437,0.013661202,1.740437158,0.025956284,0.020491803,29.94535519,0.001413267,45.09715663,0.001727419,0.106524183,3.153691609,0.005758064,0.733577344,0.010940321,0.008637096,12.62167611,10.64215308,62224.02585,0.02585974,4.741788841,80.53033742,12.0785049,14.29974064,0.354315623,0.168726737,3.869526146,9.979028277,62224.02585,0.015263914,2.53808398,13.20968918,12.0785049,11.01422492,0.092593276,0.11425635,3.869526146,8.848734901,57413.05548,0.013941476,1.837303104,0.651213381,10.50665564,11.01422492,0.031955533,0.097385696,2.933762188
82,8/3/2021,WS,FILA,361,8/3/2021,NA,0,2,13.84896153,70.64454527,NA,34.81708179,0.019366516,13.91855204,0.000361991,0.127330317,7.07239819,0.000995475,0.519909502,0.013167421,0.001312217,0.146470588,0.512182874,368.1015233,0.009573512,3.367482726,187.0424841,0.026327157,13.74995612,0.348236487,0.03470398,3.873682155,10.64215308,62224.02585,0.02585974,4.741788841,80.53033742,12.0785049,14.29974064,0.354315623,0.168726737,3.869526146,9.979028277,62224.02585,0.015263914,2.53808398,13.20968918,12.0785049,11.01422492,0.092593276,0.11425635,3.869526146,8.848734901,57413.05548,0.013941476,1.837303104,0.651213381,10.50665564,11.01422492,0.031955533,0.097385696,2.933762188
24,8/17/2021,GC,EPIL,141,8/17/2021,NA,89.22,4,8.362828119,26.08588051,34.25288727,29.26126715,0.003327895,152.2407715,0.001388975,0.223072804,8.808810257,0.003180597,1.735476289,0.035110298,0.008830239,48.90604384,0.029257312,1261.527252,0.011267578,1.880086714,75.05243013,0.027136485,14.72178096,0.298066565,0.077631382,431.0745982,10.85797458,68024.7044,0.055378608,10.8266978,138.3586796,13.61586049,37.54254875,0.723358819,0.21611192,4.784379229,10.4415893,67807.33534,0.017124317,6.059421132,12.91718481,11.75492447,37.54254875,0.219380917,0.195882517,2.788999233,9.576340401,63519.75024,0.013785912,2.782137937,,10.41337887,36.22341502,0.056156678,0.138896973,1.205649936
52,8/17/2021,GC,EPIP,276.5,8/17/2021,NA,89.22,5,4.248516782,12.56608084,9.740985247,13.14342909,0.018413342,141.9496362,0.003136345,0.701276849,27.94468035,0.004286326,2.989548733,0.10336247,0.012475704,66.00820554,0.07137454,572.2121468,0.012134264,2.793346219,110.9121802,0.017174962,12.34981447,0.411536133,0.053350289,282.52107,10.85797458,68024.7044,0.055378608,10.8266978,138.3586796,13.61586049,37.54254875,0.723358819,0.21611192,4.784379229,10.4415893,67807.33534,0.017124317,6.059421132,12.91718481,11.75492447,37.54254875,0.219380917,0.195882517,2.788999233,9.576340401,63519.75024,0.013785912,2.782137937,,10.41337887,36.22341502,0.056156678,0.138896973,1.205649936
75,8/17/2021,GC,FILA,374.5,8/17/2021,NA,89.22,4.5,85.79006107,388.3839201,NA,192.8375722,0.010647298,21.21929412,0.000486064,0.090632786,6.60062424,0.000811863,0.798776777,0.012205536,0.001320109,0.203754019,0.966366261,1605.90319,0.040123475,7.808787504,599.2378292,0.068986501,68.13904617,1.109352489,0.104636749,17.76233395,10.85797458,68024.7044,0.055378608,10.8266978,138.3586796,13.61586049,37.54254875,0.723358819,0.21611192,4.784379229,10.4415893,67807.33534,0.017124317,6.059421132,12.91718481,11.75492447,37.54254875,0.219380917,0.195882517,2.788999233,9.576340401,63519.75024,0.013785912,2.782137937,,10.41337887,36.22341502,0.056156678,0.138896973,1.205649936
30,8/3/2021,GR,EPIL,106.6,8/3/2021,NA,64.82,3,10.88999931,48.8435562,24.11312796,41.79448209,0.004352908,190.4139102,0.002963296,0.283207638,9.972015795,0.002823333,1.468270188,0.04275111,0.007115943,11.51101137,0.038383079,1530.136948,0.024406832,2.382590117,82.80680636,0.022527434,12.0446244,0.363674194,0.056556024,96.81459829,15.49780331,72763.40926,0.052301102,13.37836155,111.1322334,6.484097779,30.10794695,0.761784069,0.371443757,5.838359796,14.1028654,72763.40926,0.026500712,8.541879544,12.40771176,6.484097779,18.50330552,0.206339493,0.254583381,4.475351082,13.81803672,65801.51352,0.026500712,4.296547236,2.277332615,5.763170496,18.50330552,0.085148959,0.254583381,1.892685117
78,8/3/2021,GR,FILA,363,8/3/2021,NA,64.82,2,1.806452892,7.277733569,NA,3.52313932,0.013166346,91.58638407,0.001605652,0.216763006,6.014771997,0.001605652,0.968529223,0.047527296,0.002091375,0.25465639,0.023784383,165.4464884,0.002900535,0.391572159,10.86540227,0.002900535,1.749602416,0.085855821,0.00377797,0.460024773,15.49780331,72763.40926,0.052301102,13.37836155,111.1322334,6.484097779,30.10794695,0.761784069,0.371443757,5.838359796,14.1028654,72763.40926,0.026500712,8.541879544,12.40771176,6.484097779,18.50330552,0.206339493,0.254583381,4.475351082,13.81803672,65801.51352,0.026500712,4.296547236,2.277332615,5.763170496,18.50330552,0.085148959,0.254583381,1.892685117
36,7/20/2021,WS,EPIL,69.8,7/20/2021,NA,0,3,4.338953045,9.167910462,7.919960174,17.09326109,NA,NA,NA,NA,NA,NA,NA,NA,NA,NA,NA,NA,NA,NA,NA,NA,NA,NA,NA,NA,10.29064999,66839.09739,0.017680243,1.924427161,43.55347846,17.16639345,24.62044463,0.063468072,0.194095612,1.754165572,9.533020784,66839.09739,0.014509873,1.924427161,11.79169032,17.16639345,15.52164909,0.049162646,0.121439748,1.483261587,8.88733589,58615.53802,0.014509873,0.721895123,0.17418896,15.96962088,15.52164909,,0.121439748,1.320689638
56,7/20/2021,WS,EPIP,257,7/20/2021,NA,0,3,0.253879621,0.290625356,0.781247723,3.689081835,NA,NA,NA,NA,NA,NA,NA,NA,NA,NA,NA,NA,NA,NA,NA,NA,NA,NA,NA,NA,10.29064999,66839.09739,0.017680243,1.924427161,43.55347846,17.16639345,24.62044463,0.063468072,0.194095612,1.754165572,9.533020784,66839.09739,0.014509873,1.924427161,11.79169032,17.16639345,15.52164909,0.049162646,0.121439748,1.483261587,8.88733589,58615.53802,0.014509873,0.721895123,0.17418896,15.96962088,15.52164909,,0.121439748,1.320689638
81,7/20/2021,WS,FILA,346.5,7/20/2021,NA,0,2,6.152596911,48.73023311,NA,59.27578539,0.022660351,12.31596467,0.000512098,0.155645884,6.986941493,0.001088209,0.940340545,0.01411471,0.000768147,0.13010498,0.226994711,123.3722664,0.005129824,1.559145872,69.99003574,0.010900876,9.419639258,0.141390773,0.007694736,1.303295901,10.29064999,66839.09739,0.017680243,1.924427161,43.55347846,17.16639345,24.62044463,0.063468072,0.194095612,1.754165572,9.533020784,66839.09739,0.014509873,1.924427161,11.79169032,17.16639345,15.52164909,0.049162646,0.121439748,1.483261587,8.88733589,58615.53802,0.014509873,0.721895123,0.17418896,15.96962088,15.52164909,,0.121439748,1.320689638
38,8/17/2021,WS,EPIL,125,8/17/2021,NA,0,3,5.005437158,16.83036488,10.09496693,23.64788823,0.012086334,101.2007102,0.00183295,0.354539579,9.799371315,0.017627871,1.954249327,0.038789974,0.010025835,46.48785978,0.093282557,497.7432149,0.010811202,1.873239847,49.82780151,0.106576828,10.15229888,0.195574344,0.056534219,230.6249346,14.88549831,82385.31655,0.032324097,3.554835774,58.06857309,46.78106802,81.84252776,0.215610238,0.156520123,2.094068294,14.88549831,82385.31655,0.017035811,2.219799656,11.39928173,43.09523519,49.95267664,0.056343444,0.156520123,2.094068294,13.56157566,82385.31655,0.017035811,1.502711073,0.345911742,40.10387302,49.95267664,0.027104356,0.139960376,1.625581853
58,8/17/2021,WS,EPIP,274,8/17/2021,NA,0,1,1.800540996,5.869295974,NA,NA,0.007598784,44.04255319,0.000759878,0.298632219,10.63069909,0.006079027,1.745440729,0.034194529,0.00494874,25.60030395,0.013681922,79.30042259,0.001368192,0.537699553,19.14100952,0.010945538,3.14273759,0.061568651,0.008910409,46.09439677,14.88549831,82385.31655,0.032324097,3.554835774,58.06857309,46.78106802,81.84252776,0.215610238,0.156520123,2.094068294,14.88549831,82385.31655,0.017035811,2.219799656,11.39928173,43.09523519,49.95267664,0.056343444,0.156520123,2.094068294,13.56157566,82385.31655,0.017035811,1.502711073,0.345911742,40.10387302,49.95267664,0.027104356,0.139960376,1.625581853
83,8/17/2021,WS,FILA,371,8/17/2021,NA,0,5,15.33371077,91.0500342,NA,135.489002,0.019873016,16.86984127,0.000380952,0.126920635,8.558730159,0.001650794,0.962539683,0.014857143,0.001079365,0.173396825,0.304727078,258.6772668,0.005841414,1.946164307,131.2370928,0.025312792,14.7593051,0.227815131,0.016550672,2.658816769,14.88549831,82385.31655,0.032324097,3.554835774,58.06857309,46.78106802,81.84252776,0.215610238,0.156520123,2.094068294,14.88549831,82385.31655,0.017035811,2.219799656,11.39928173,43.09523519,49.95267664,0.056343444,0.156520123,2.094068294,13.56157566,82385.31655,0.017035811,1.502711073,0.345911742,40.10387302,49.95267664,0.027104356,0.139960376,1.625581853
15,7/20/2021,DL,EPIL,76,7/20/2021,NA,44.9,3,7.82919654,40.31270988,12.38642426,19.14142168,NA,NA,NA,NA,NA,NA,NA,NA,NA,NA,NA,NA,NA,NA,NA,NA,NA,NA,NA,NA,12.62339894,67163.2024,0.039496656,12.02201615,119.2869665,8.227165703,25.66813304,0.888477092,0.35847275,5.898303439,12.0861038,62674.74116,0.02684227,6.302946028,11.2077643,8.154172832,8.059181772,0.153346449,0.21122609,5.898303439,11.02654238,62674.74116,0.024768735,2.858475392,1.073960757,7.479190498,8.059181772,0.035029843,0.200869479,3.147981556
19,10/13/2021,DL,EPIL,195.5,10/13/2021,NA,44.9,3,11.05087882,67.23828053,15.3538912,24.30222403,0.021371246,132.7817076,0.002687374,0.399752413,10.19179936,0.002885035,0.93489106,0.050117958,0.001352438,6.772173757,0.233326483,1473.420775,0.029736513,4.397127966,111.9916853,0.032144421,10.45371284,0.551292325,0.015165032,76.05563674,3.714,40626.14367,0.035,4.964500001,66.391,9.823,10.049,0.505500001,0.085833334,5.1095,3.22875,40626.14367,0.016,2.139416667,11.06375,9.75675,3.169333334,0.096583334,0.080833334,5.1095,3.103,40129.50375,0.014,1.43325,1.00375,9.4615,2.98525,0.0505,0.076,4.1275
23,8/3/2021,GC,EPIL,110,8/3/2021,NA,89.22,3,7.135754419,25.99875972,30.78332328,28.13216741,0.041782918,129.1502409,0.004637276,0.79512823,18.91547659,0.00343235,1.781204441,0.11762782,0.008809071,20.53426285,0.214450158,745.6873578,0.027546136,4.568391787,105.3068406,0.022670639,10.92850019,0.669936136,0.062442805,161.7857619,10.70069318,63002.44248,0.041505311,8.850362132,80.44380587,4.531091355,26.00586561,0.450977632,0.173353518,3.032083549,10.68032847,63002.44248,0.024650501,6.441907806,10.77062207,4.531091355,14.79225418,0.450977632,0.173353518,3.032083549,9.721559083,56660.12246,0.020549307,2.99634338,0.277363803,3.985068849,14.79225418,0.095355525,0.17067018,1.55468088
51,8/3/2021,GC,EPIP,269,8/3/2021,NA,89.22,3,0.336139959,0.847072696,0.074192812,2.727895699,0.005655329,70,0.002304147,0.31797235,11.71428571,0.004608295,2.368663594,0.048387097,0.015005856,45.1843318,0.001900982,23.52979713,0.000774516,0.106883213,3.93763952,0.001549032,0.796202484,0.016264837,0.005044068,15.18825944,10.70069318,63002.44248,0.041505311,8.850362132,80.44380587,4.531091355,26.00586561,0.450977632,0.173353518,3.032083549,10.68032847,63002.44248,0.024650501,6.441907806,10.77062207,4.531091355,14.79225418,0.450977632,0.173353518,3.032083549,9.721559083,56660.12246,0.020549307,2.99634338,0.277363803,3.985068849,14.79225418,0.095355525,0.17067018,1.55468088
74,8/3/2021,GC,FILA,364.5,8/3/2021,NA,89.22,2.5,19.30264723,80.02853895,NA,66.50997094,0.007346284,60.80212385,0.001305496,0.103120951,5.891370291,0.000740893,1.217139429,0.013852892,0.004266027,0.219347253,0.222923206,426.1344053,0.009100203,1.518464377,142.3297213,0.010393103,15.05316609,0.257008787,0.030184944,3.012710313,10.70069318,63002.44248,0.041505311,8.850362132,80.44380587,4.531091355,26.00586561,0.450977632,0.173353518,3.032083549,10.68032847,63002.44248,0.024650501,6.441907806,10.77062207,4.531091355,14.79225418,0.450977632,0.173353518,3.032083549,9.721559083,56660.12246,0.020549307,2.99634338,0.277363803,3.985068849,14.79225418,0.095355525,0.17067018,1.55468088
32,9/22/2021,GR,EPIL,178,9/22/2021,NA,64.82,3,16.08876915,72.88917323,32.41766498,58.50585661,0.001535236,193.2755062,0.002115596,0.255631399,6.881198175,0.002487,1.315470199,0.036250033,0.004073596,22.43568383,0.022074286,2710.723645,0.030062263,3.507297218,89.0639377,0.033099157,18.88497881,0.502578127,0.058571934,324.2828325,9.185702247,69556.24612,0.052019827,8.456481407,96.94885633,11.84709392,16.86006958,0.510394371,0.2474614,4.094241316,9.08493188,69556.24612,0.026780928,5.418386028,10.54740289,10.34179878,5.483001651,0.389066723,0.163419365,4.094241316,6.710325431,49172.6042,0.017109357,2.387899073,0.031300909,7.466007063,4.152425755,0.083205889,0.127357681,1.458427955
79,9/22/2021,GR,FILA,407,9/22/2021,NA,64.82,3.333333333,4.17047156,10.94811354,NA,21.27413616,0.017939674,44.16233566,0.00062869,0.126657243,5.159371532,0.001475244,1.641914965,0.03224579,0.001241935,0.196372962,0.076370576,202.4855363,0.002599547,0.403282418,15.3820268,0.007333457,8.622040245,0.040208082,0.005570917,0.669532086,9.185702247,69556.24612,0.052019827,8.456481407,96.94885633,11.84709392,16.86006958,0.510394371,0.2474614,4.094241316,9.08493188,69556.24612,0.026780928,5.418386028,10.54740289,10.34179878,5.483001651,0.389066723,0.163419365,4.094241316,6.710325431,49172.6042,0.017109357,2.387899073,0.031300909,7.466007063,4.152425755,0.083205889,0.127357681,1.458427955
22,7/20/2021,GC,EPIL,86,7/20/2021,NA,89.22,3,13.52510275,51.38276329,45.56589346,62.41931592,NA,NA,NA,NA,NA,NA,NA,NA,NA,NA,NA,NA,NA,NA,NA,NA,NA,NA,NA,NA,9.222424267,51825.81253,0.042042485,6.204399201,88.63942512,4.929314134,30.02190456,0.295942531,0.19141301,4.312127844,8.821061321,51825.81253,0.02002025,4.850896727,9.941487267,4.909255145,15.48572838,0.118228474,0.19141301,4.312127844,7.768786615,46547.8567,0.01616098,1.949416209,0.480671828,4.466701973,15.48572838,0.02771687,0.136027027,1.335599783
50,7/20/2021,GC,EPIP,259,7/20/2021,NA,89.22,4,2.965826186,12.25848842,5.289771198,7.576210221,NA,NA,NA,NA,NA,NA,NA,NA,NA,NA,NA,NA,NA,NA,NA,NA,NA,NA,NA,NA,9.222424267,51825.81253,0.042042485,6.204399201,88.63942512,4.929314134,30.02190456,0.295942531,0.19141301,4.312127844,8.821061321,51825.81253,0.02002025,4.850896727,9.941487267,4.909255145,15.48572838,0.118228474,0.19141301,4.312127844,7.768786615,46547.8567,0.01616098,1.949416209,0.480671828,4.466701973,15.48572838,0.02771687,0.136027027,1.335599783
73,7/20/2021,GC,FILA,352,7/20/2021,NA,89.22,4,60.58631488,434.1376348,NA,226.1895811,0.012175794,14.64217011,0.000493029,0.105682288,6.879808458,0.000511143,0.593558223,0.017150165,0.00026168,0.168337113,0.717946604,849.4432073,0.029121181,6.298396156,440.4443709,0.027379205,33.73128275,0.899673969,0.011116688,9.970619303,9.222424267,51825.81253,0.042042485,6.204399201,88.63942512,4.929314134,30.02190456,0.295942531,0.19141301,4.312127844,8.821061321,51825.81253,0.02002025,4.850896727,9.941487267,4.909255145,15.48572838,0.118228474,0.19141301,4.312127844,7.768786615,46547.8567,0.01616098,1.949416209,0.480671828,4.466701973,15.48572838,0.02771687,0.136027027,1.335599783
4,8/3/2021,BG,EPIL,113.4,8/3/2021,NA,144.32,3,6.591850737,33.32427245,9.955050866,19.2603775,0.008725032,99.48542386,0.002651075,0.318865983,12.19133507,0.001926194,1.194355626,0.051000295,0.003513812,12.31639707,0.047850131,649.9816493,0.016990375,2.076904549,80.07988633,0.013536841,8.137763103,0.334645661,0.023514144,95.78159663,12.48456664,84077.88801,0.069016283,10.69956138,205.9308182,4.413733828,36.61685059,1.36011675,0.298836958,10.80841013,12.07509511,84077.88801,0.019689988,5.034224761,8.803591255,4.413733828,21.01052613,0.292200698,0.225844386,4.889954687,11.36566092,80828.99095,0.016145485,2.680097726,0.415757602,4.114875393,21.01052613,0.130812572,0.225844386,1.939694899
42,8/3/2021,BG,EPIP,271,8/3/2021,NA,144.32,2.666666667,0.743600047,1.859779574,1.280375615,3.766886411,0.007583639,57.45076488,0.001751957,0.319643343,13.59292682,0.001834434,1.135486854,0.051062181,0.003294716,16.30450689,0.005810303,43.18060922,0.001295689,0.241345993,10.23382521,0.00134073,0.860020515,0.038746676,0.002497633,12.27668284,12.48456664,84077.88801,0.069016283,10.69956138,205.9308182,4.413733828,36.61685059,1.36011675,0.298836958,10.80841013,12.07509511,84077.88801,0.019689988,5.034224761,8.803591255,4.413733828,21.01052613,0.292200698,0.225844386,4.889954687,11.36566092,80828.99095,0.016145485,2.680097726,0.415757602,4.114875393,21.01052613,0.130812572,0.225844386,1.939694899
62,8/3/2021,BG,FILA,367,8/3/2021,NA,144.32,2.333333333,9.24862764,13.73888604,NA,28.20075804,0.014487027,64.58192084,0.001360188,0.164871743,7.038841493,0.001061241,1.245950737,0.022133468,0.003855065,0.313852251,0.137114349,562.7169424,0.012676391,1.520725949,65.05752725,0.009348998,11.57144218,0.209900601,0.03452555,2.910297758,12.48456664,84077.88801,0.069016283,10.69956138,205.9308182,4.413733828,36.61685059,1.36011675,0.298836958,10.80841013,12.07509511,84077.88801,0.019689988,5.034224761,8.803591255,4.413733828,21.01052613,0.292200698,0.225844386,4.889954687,11.36566092,80828.99095,0.016145485,2.680097726,0.415757602,4.114875393,21.01052613,0.130812572,0.225844386,1.939694899
11,9/22/2021,BN,EPIL,188,9/22/2021,NA,167.82,3,42.51381279,112.5193144,25.85873843,61.71432638,0.004145866,164.2459353,0.001732282,0.222543542,9.779237049,0.001898154,0.906759124,0.036244017,0.002755873,6.683950198,0.109025675,5792.035934,0.061721189,7.864861433,347.490195,0.067068978,31.6523476,1.293855543,0.08180507,250.6303564,8.706937303,67658.386,0.057102594,8.310045117,183.340854,4.868387181,20.88045141,0.918614664,0.254006092,8.111714825,8.438926548,67658.386,0.022328184,4.563000747,8.774118904,4.868387181,4.753559437,0.223605617,0.16824027,7.677986618,4.165,33979.686,0.008,1.444,0.82,2.298,3.575,0.066,0.074,1.156
69,9/22/2021,BN,FILA,412,9/22/2021,NA,167.82,3,7.456381645,57.24808182,NA,35.03287617,0.006775501,86.15733704,0.001094238,0.120391372,5.964710504,0.0012841,0.615171034,0.019149403,0.002154612,0.328380263,0.045666282,684.3540143,0.0088316,0.907179529,43.87242961,0.010140359,4.781814693,0.14591714,0.016355594,2.451984441,8.706937303,67658.386,0.057102594,8.310045117,183.340854,4.868387181,20.88045141,0.918614664,0.254006092,8.111714825,8.438926548,67658.386,0.022328184,4.563000747,8.774118904,4.868387181,4.753559437,0.223605617,0.16824027,7.677986618,4.165,33979.686,0.008,1.444,0.82,2.298,3.575,0.066,0.074,1.156
18,9/22/2021,DL,EPIL,173,9/22/2021,NA,44.9,3,11.93992517,69.47890181,19.31094248,42.40123976,0.021423901,119.7738804,0.002196326,0.401002986,11.04387146,0.002066209,0.801799262,0.054192698,0.003090265,9.73854739,0.274045743,1408.242727,0.026801785,4.665908157,128.8285371,0.024673911,9.31137268,0.626150878,0.037291138,98.09498761,8.888154701,72975.50115,0.060500603,8.332776135,78.54575881,12.14838345,12.94196351,0.632566817,0.198902713,5.402599232,8.341733364,72975.50115,0.032363204,5.011639684,8.772336177,12.14838345,3.434652769,0.290535209,0.198902713,5.402599232,6.058677735,50282.55358,0.024812196,2.701830484,0.178932129,8.90967141,3.434652769,0.100226506,0.113445613,2.79495302
33,10/13/2021,GR,EPIL,205.5,10/13/2021,NA,64.82,3,25.93854682,138.1613565,46.87390465,85.57860279,0.003413037,191.2967014,0.001432763,0.197805349,5.291977931,0.002318463,1.0030741,0.025119029,0.00184889,9.539675872,0.113736113,5039.913382,0.040109481,5.212561473,134.1348755,0.062233078,25.49668147,0.643550676,0.047593711,248.4861042,3.905125,39439.19925,0.01675,4.05975,25.7635,8.7505,11.37025,0.201125,0.08775,5.0205,3.721125,39439.19925,0.01075,2.36775,8.6655,8.6865,3.64625,0.201125,0.08775,5.0205,3.605125,39150.78925,0.01075,1.30375,1.0335,8.4965,3.64625,0.048125,0.07775,3.7265
55,10/13/2021,GR,EPIP,307.5,10/13/2021,NA,64.82,3,12.02504165,-2.414946379,6.169542031,22.39845984,0.008220089,102.7013697,0.000988351,0.324428872,8.859062598,0.002064962,1.302669929,0.044913138,0.003505739,17.24353921,0.073863791,1126.963067,0.008383009,3.756994737,106.9001712,0.023037974,14.86978037,0.578404546,0.047720533,241.6170736,3.905125,39439.19925,0.01675,4.05975,25.7635,8.7505,11.37025,0.201125,0.08775,5.0205,3.721125,39439.19925,0.01075,2.36775,8.6655,8.6865,3.64625,0.201125,0.08775,5.0205,3.605125,39150.78925,0.01075,1.30375,1.0335,8.4965,3.64625,0.048125,0.07775,3.7265
80,10/13/2021,GR,FILA,416.5,10/13/2021,NA,64.82,3,19.48623688,79.2640373,NA,104.4636753,0.017690802,77.69507094,0.000777212,0.163117453,5.477219782,0.001480068,0.820772156,0.025326981,0.001784538,0.230792295,0.345096024,1490.91421,0.014919538,3.147780546,106.2741294,0.0284309,15.68597575,0.500295122,0.033796216,4.472361752,3.905125,39439.19925,0.01675,4.05975,25.7635,8.7505,11.37025,0.201125,0.08775,5.0205,3.721125,39439.19925,0.01075,2.36775,8.6655,8.6865,3.64625,0.201125,0.08775,5.0205,3.605125,39150.78925,0.01075,1.30375,1.0335,8.4965,3.64625,0.048125,0.07775,3.7265
25,9/9/2021,GC,EPIL,160.5,9/9/2021,NA,89.22,10.5,9.928259048,36.20987323,27.21675146,33.28428124,0.004082952,129.6114553,0.001945879,0.314898393,11.22117872,0.002799318,1.092185582,0.049215306,0.004435742,22.57531729,0.054120013,1445.454353,0.022982461,3.551529287,123.7976277,0.029046303,12.23627807,0.563096996,0.042368519,212.3978922,9.88032885,70502.74413,0.034248047,10.27305521,156.5055151,11.60656063,54.76861324,0.948379131,0.274478884,10.86204892,8.703521242,60839.91933,0.024422943,5.377116528,8.144214453,10.43691688,31.34709611,0.184028184,0.168972542,6.41316362,8.296948729,59504.3127,0.021602568,3.341088091,,9.686871732,31.34709611,0.128019242,0.14691983,6.41316362
53,9/9/2021,GC,EPIP,295.5,9/9/2021,NA,89.22,10.555,5.067762233,21.67819206,7.203364442,12.43343942,0.013986034,77.88806158,0.001770564,0.36058366,13.40263899,0.002082346,1.072390924,0.053864248,0.002805794,14.80335953,0.074654772,340.6865988,0.008257879,1.710940712,62.92761104,0.009566271,4.970613819,0.253220281,0.011664596,60.63530999,9.88032885,70502.74413,0.034248047,10.27305521,156.5055151,11.60656063,54.76861324,0.948379131,0.274478884,10.86204892,8.703521242,60839.91933,0.024422943,5.377116528,8.144214453,10.43691688,31.34709611,0.184028184,0.168972542,6.41316362,8.296948729,59504.3127,0.021602568,3.341088091,,9.686871732,31.34709611,0.128019242,0.14691983,6.41316362
76,9/9/2021,GC,FILA,395,9/9/2021,NA,89.22,10.57619048,69.43033989,637.4544967,NA,203.1218304,0.011991406,41.88307019,0.000731007,0.130738208,7.189353201,0.001041987,0.789408762,0.017102663,0.001863792,0.21281588,0.83768337,2286.581012,0.048431458,7.824442231,479.2748884,0.067071788,50.43277692,1.146415678,0.123071934,13.95802247,9.88032885,70502.74413,0.034248047,10.27305521,156.5055151,11.60656063,54.76861324,0.948379131,0.274478884,10.86204892,8.703521242,60839.91933,0.024422943,5.377116528,8.144214453,10.43691688,31.34709611,0.184028184,0.168972542,6.41316362,8.296948729,59504.3127,0.021602568,3.341088091,,9.686871732,31.34709611,0.128019242,0.14691983,6.41316362
5,8/17/2021,BG,EPIL,147.5,8/17/2021,NA,144.32,3.833333333,17.04512143,84.98407353,25.34345243,48.15390353,0.009121825,92.69147608,0.002165732,0.268288545,10.54700362,0.001420517,0.889603457,0.041581309,0.004213506,6.761264193,0.167547101,1518.230987,0.038703969,4.866973089,188.3074694,0.024143504,15.5476168,0.747469655,0.073343617,126.5156706,11.13913047,82368.45296,0.039595783,7.277727933,119.7540042,5.505963062,40.16955685,0.768383842,0.332418583,3.997330104,11.13913047,82368.45296,0.024020959,4.684988483,8.04362879,5.505963062,40.16955685,0.217313412,0.255103737,3.086427645,10.09626239,79151.42972,0.016622257,2.523033816,0.989594709,5.108686349,40.16955685,0.111473762,0.182449708,1.992987403
43,8/17/2021,BG,EPIP,282,8/17/2021,NA,144.32,4,17.19533354,112.2540436,20.77233037,41.72248203,0.014115959,45.89474229,0.00189943,0.301775191,11.55479494,0.001281244,0.759817983,0.043841789,0.003171198,5.955549397,0.285773654,844.7965275,0.037959917,5.982289244,225.8914253,0.026043425,14.34641482,0.870094382,0.059147374,105.5824491,11.13913047,82368.45296,0.039595783,7.277727933,119.7540042,5.505963062,40.16955685,0.768383842,0.332418583,3.997330104,11.13913047,82368.45296,0.024020959,4.684988483,8.04362879,5.505963062,40.16955685,0.217313412,0.255103737,3.086427645,10.09626239,79151.42972,0.016622257,2.523033816,0.989594709,5.108686349,40.16955685,0.111473762,0.182449708,1.992987403
63,8/17/2021,BG,FILA,381,8/17/2021,NA,144.32,4,55.53975569,154.7488575,NA,154.9922466,0.0101235,71.70438573,0.001226462,0.168233403,7.432298605,0.001130807,1.00172948,0.022982023,0.002429162,0.325827425,0.542367786,3847.928236,0.068996611,9.321307236,383.9153357,0.060182649,53.93597946,1.24529849,0.130561399,17.80950464,11.13913047,82368.45296,0.039595783,7.277727933,119.7540042,5.505963062,40.16955685,0.768383842,0.332418583,3.997330104,11.13913047,82368.45296,0.024020959,4.684988483,8.04362879,5.505963062,40.16955685,0.217313412,0.255103737,3.086427645,10.09626239,79151.42972,0.016622257,2.523033816,0.989594709,5.108686349,40.16955685,0.111473762,0.182449708,1.992987403
8,7/7/2021,BN,EPIL,51.2,7/7/2021,NA,167.82,3,7.839076131,50.35201203,10.70526147,16.61899345,0.039080153,58.11292348,0.00356022,0.408181438,15.88783576,0.000456905,1.172500568,0.066972334,0.003431676,16.14740201,0.329890458,480.3433056,0.029421654,3.379183922,131.5456259,0.004580475,9.545855162,0.564397376,0.034403253,161.9249113,11.69948027,67915.1408,0.036247802,6.447495808,28.02573382,5.603837889,33.780688,0.42342247,0.274292225,2.148540359,11.5185771,67915.1408,0.02710925,6.447495808,7.970441159,5.603837889,33.780688,0.42342247,0.177286158,2.148540359,10.91464228,67033.42468,0.02710925,3.728882014,1.961686738,5.342600402,13.22222505,0.28040337,0.172538508,1.33580347
45,7/7/2021,BN,EPIP,245.2,7/7/2021,NA,167.82,3,2.405826758,14.26238922,2.867805825,4.17292359,0.052701826,52.65442662,0.003846836,0.551632257,23.20867508,0.000800746,2.029570472,0.09555154,0.003676069,19.89020049,0.1418106,135.0762689,0.010385853,1.490895049,62.66115876,0.001636244,5.345934596,0.258995044,0.009302905,50.50450537,11.69948027,67915.1408,0.036247802,6.447495808,28.02573382,5.603837889,33.780688,0.42342247,0.274292225,2.148540359,11.5185771,67915.1408,0.02710925,6.447495808,7.970441159,5.603837889,33.780688,0.42342247,0.177286158,2.148540359,10.91464228,67033.42468,0.02710925,3.728882014,1.961686738,5.342600402,13.22222505,0.28040337,0.172538508,1.33580347
66,7/7/2021,BN,FILA,337.2,7/7/2021,NA,167.82,3,103.2156008,238.7244138,NA,167.4455098,0.020047081,29.82570766,0.001904134,0.220921958,8.53834839,0.00053331,1.362342431,0.035026673,0.00102371,0.466231802,2.141682895,3156.804611,0.212900791,24.90256072,903.0404896,0.060723607,147.6931593,3.881342821,0.112161592,50.114385,11.69948027,67915.1408,0.036247802,6.447495808,28.02573382,5.603837889,33.780688,0.42342247,0.274292225,2.148540359,11.5185771,67915.1408,0.02710925,6.447495808,7.970441159,5.603837889,33.780688,0.42342247,0.177286158,2.148540359,10.91464228,67033.42468,0.02710925,3.728882014,1.961686738,5.342600402,13.22222505,0.28040337,0.172538508,1.33580347
6,9/22/2021,BG,EPIL,183,9/22/2021,NA,144.32,3,25.97186852,193.0229053,24.53525895,74.88463968,0.008788918,90.66590401,0.001699337,0.234687351,10.15319547,0.001337798,0.823161361,0.036804062,0.001663048,5.321994833,0.228393052,2380.307063,0.044885469,6.165466651,264.3455948,0.035694462,21.69463488,0.969623189,0.041468683,137.7738475,9.327074202,67910.19614,0.03902217,6.305551917,103.5043575,5.175559142,19.9314669,0.660351237,0.262042321,3.910367449,8.645061193,67910.19614,0.019602128,3.816777299,7.636057572,5.175559142,6.725017165,0.239998827,0.167902489,3.636720344,4.209,33636.098,0.01,1.221,,2.46,3.64,0.057,0.072,0.858
64,9/22/2021,BG,FILA,409,9/22/2021,NA,144.32,3,8.69186686,36.88151375,NA,47.27273719,0.005361233,78.44055798,0.000988965,0.100197793,5.093691443,0.00130127,1.048823652,0.014418072,0.002758692,0.236831147,0.04659912,681.7948864,0.008595954,0.870905877,44.27368785,0.011310466,9.116235542,0.125319963,0.023978188,2.0585048,9.327074202,67910.19614,0.03902217,6.305551917,103.5043575,5.175559142,19.9314669,0.660351237,0.262042321,3.910367449,8.645061193,67910.19614,0.019602128,3.816777299,7.636057572,5.175559142,6.725017165,0.239998827,0.167902489,3.636720344,4.209,33636.098,0.01,1.221,,2.46,3.64,0.057,0.072,0.858
3,7/20/2021,BG,EPIL,71,7/20/2021,NA,144.32,3,25.56651296,148.9741898,16.29708239,41.64063508,NA,NA,NA,NA,NA,NA,NA,NA,NA,NA,NA,NA,NA,NA,NA,NA,NA,NA,NA,NA,9.782501405,63268.9753,0.029317246,6.775508528,100.1013495,4.368100075,25.35810556,0.414494314,0.257409494,4.647047085,9.782501405,63094.0459,0.020142456,4.970829408,7.242987774,4.368100075,10.65524212,0.282243419,0.198132559,3.554899877,9.454963187,61975.28148,0.01395713,2.098447906,1.182137522,4.045008719,10.65524212,0.078228959,0.197482593,2.113026904
41,7/20/2021,BG,EPIP,255,7/20/2021,NA,144.32,3,35.51836026,241.3578438,26.10237267,67.6937038,NA,NA,NA,NA,NA,NA,NA,NA,NA,NA,NA,NA,NA,NA,NA,NA,NA,NA,NA,NA,9.782501405,63268.9753,0.029317246,6.775508528,100.1013495,4.368100075,25.35810556,0.414494314,0.257409494,4.647047085,9.782501405,63094.0459,0.020142456,4.970829408,7.242987774,4.368100075,10.65524212,0.282243419,0.198132559,3.554899877,9.454963187,61975.28148,0.01395713,2.098447906,1.182137522,4.045008719,10.65524212,0.078228959,0.197482593,2.113026904
61,7/20/2021,BG,FILA,348,7/20/2021,NA,144.32,3,103.4895912,444.5144394,NA,346.9894656,0.02048957,50.61749807,0.001671129,0.242670681,9.058249456,0.000884883,0.864348048,0.02952625,0.001098224,0.378647042,2.129631197,5207.280961,0.173571726,25.19183919,938.1216561,0.091530894,89.64832869,3.058202412,0.113920121,39.22845832,9.782501405,63268.9753,0.029317246,6.775508528,100.1013495,4.368100075,25.35810556,0.414494314,0.257409494,4.647047085,9.782501405,63094.0459,0.020142456,4.970829408,7.242987774,4.368100075,10.65524212,0.282243419,0.198132559,3.554899877,9.454963187,61975.28148,0.01395713,2.098447906,1.182137522,4.045008719,10.65524212,0.078228959,0.197482593,2.113026904
26,10/13/2021,GC,EPIL,215.5,10/13/2021,NA,89.22,3,17.51369858,67.64599785,18.73404447,41.78105832,0.006385321,134.4087512,0.002093556,0.267447175,9.897599056,0.001811339,1.434375815,0.038140296,0.002738248,12.49651135,0.160061225,2086.050587,0.036280133,5.057865739,193.5719929,0.030910649,25.63525803,0.71938788,0.04461029,201.479817,3.1345,35204.801,0.02075,2.971,36.066,6.173,12.039,0.411,0.0655,5.518,2.9615,35204.801,0.0125,2.3185,6.913,6.173,5.96575,0.3175,0.0655,5.518,2.886,34900.278,0.01025,1.23975,0.535,6.0135,5.96575,0.039,0.06525,4.43275
54,10/13/2021,GC,EPIP,376.5,10/13/2021,NA,89.22,4,2.700811494,11.0283136,3.245065931,5.327432924,0.003037702,69.8470884,0.001077869,0.314300275,12.36003454,0.001855007,1.665443919,0.051244291,0.008060241,38.11059908,0.004859902,222.955553,0.003960134,0.667282605,29.22579007,0.005940201,4.653157633,0.116823958,0.012895269,59.24360697,3.1345,35204.801,0.02075,2.971,36.066,6.173,12.039,0.411,0.0655,5.518,2.9615,35204.801,0.0125,2.3185,6.913,6.173,5.96575,0.3175,0.0655,5.518,2.886,34900.278,0.01025,1.23975,0.535,6.0135,5.96575,0.039,0.06525,4.43275
77,10/13/2021,GC,FILA,421.5,10/13/2021,NA,89.22,4,14.26419993,103.7818292,NA,45.41610463,0.017432693,47.58279561,0.000851614,0.106354179,6.954432819,0.00149757,1.498002404,0.017592568,0.001390815,0.194560883,0.180236876,605.6189734,0.010470933,1.283008967,85.62891523,0.01623103,15.51691822,0.21964296,0.016794582,2.477505842,3.1345,35204.801,0.02075,2.971,36.066,6.173,12.039,0.411,0.0655,5.518,2.9615,35204.801,0.0125,2.3185,6.913,6.173,5.96575,0.3175,0.0655,5.518,2.886,34900.278,0.01025,1.23975,0.535,6.0135,5.96575,0.039,0.06525,4.43275
12,10/13/2021,BN,EPIL,225.5,10/13/2021,NA,167.82,3,20.72492837,122.330205,25.90649252,54.1612607,0.004755717,124.2534659,0.001299467,0.190480063,8.375984813,0.001412935,0.867136232,0.031952314,0.001119464,4.855473125,0.079809844,2740.559593,0.027257028,3.852975433,166.4653693,0.031623988,18.53041263,0.649778522,0.024572659,108.4368226,3.7485,34408.80875,0.0315,4.75475,129.11275,2.86225,15.913,1.03325,0.0785,7.87875,3.446,34045.54825,0.008,1.53025,6.665,2.8185,3.631,0.0865,0.0785,5.578,3.37525,34045.54825,0.0065,0.93025,1.53125,2.7255,3.631,0.04475,0.073,4.1425
48,10/13/2021,BN,EPIP,345.5,10/13/2021,NA,167.82,3,1.040572394,4.800078608,1.782820087,2.779900968,0.003480968,70.5373844,0.001342213,0.312737723,13.63402046,0.000987595,1.115446029,0.054231797,0.004923782,25.17535604,0.007154903,117.4298495,0.002683089,0.500843227,21.30372441,0.001788726,1.427403197,0.084964476,0.005824576,26.91137983,3.7485,34408.80875,0.0315,4.75475,129.11275,2.86225,15.913,1.03325,0.0785,7.87875,3.446,34045.54825,0.008,1.53025,6.665,2.8185,3.631,0.0865,0.0785,5.578,3.37525,34045.54825,0.0065,0.93025,1.53125,2.7255,3.631,0.04475,0.073,4.1425
70,10/13/2021,BN,FILA,430.75,10/13/2021,NA,167.82,3.333333333,8.876621356,29.59564839,NA,41.74664272,0.012159802,53.99784797,0.000885529,0.106302353,5.608123721,0.001255052,1.28348177,0.016636877,0.00123593,0.285344113,0.143220817,638.8546963,0.011161508,1.145964239,51.86206527,0.015784325,19.080558,0.171872373,0.015197747,3.068512008,3.7485,34408.80875,0.0315,4.75475,129.11275,2.86225,15.913,1.03325,0.0785,7.87875,3.446,34045.54825,0.008,1.53025,6.665,2.8185,3.631,0.0865,0.0785,5.578,3.37525,34045.54825,0.0065,0.93025,1.53125,2.7255,3.631,0.04475,0.073,4.1425
9,7/20/2021,BN,EPIL,81.2,7/20/2021,NA,167.82,3,14.47529735,82.25829999,14.86036759,37.61330396,NA,NA,NA,NA,NA,NA,NA,NA,NA,NA,NA,NA,NA,NA,NA,NA,NA,NA,NA,NA,9.872979859,64449.9209,0.018681798,4.924465245,25.03788023,3.970759166,15.89475766,0.182256618,0.243876723,2.775087059,9.552023908,63901.6014,0.011889277,4.924465245,4.997609304,3.970759166,4.872761433,0.15940926,0.172860436,2.775087059,,,,,,,,,,
46,7/20/2021,BN,EPIP,259.2,7/20/2021,NA,167.82,3,16.69475641,99.17239503,27.09479813,76.25032676,NA,NA,NA,NA,NA,NA,NA,NA,NA,NA,NA,NA,NA,NA,NA,NA,NA,NA,NA,NA,9.872979859,64449.9209,0.018681798,4.924465245,25.03788023,3.970759166,15.89475766,0.182256618,0.243876723,2.775087059,9.552023908,63901.6014,0.011889277,4.924465245,4.997609304,3.970759166,4.872761433,0.15940926,0.172860436,2.775087059,,,,,,,,,,
67,7/20/2021,BN,FILA,352.2,7/20/2021,NA,167.82,3,105.3319452,500.431586,NA,317.3902614,0.010295143,76.91832149,0.001126406,0.1305381,5.804297003,0.001174427,0.632644405,0.017864168,0.001962374,0.279145077,1.303044395,7640.276078,0.121406407,15.50826143,681.0430274,0.119089171,67.17608637,2.160836362,0.194757246,32.74829044,9.872979859,64449.9209,0.018681798,4.924465245,25.03788023,3.970759166,15.89475766,0.182256618,0.243876723,2.775087059,9.552023908,63901.6014,0.011889277,4.924465245,4.997609304,3.970759166,4.872761433,0.15940926,0.172860436,2.775087059,,,,,,,,,,
28,7/7/2021,GR,EPIL,48,7/7/2021,NA,64.82,3,14.81611403,69.78031706,20.82650694,24.2546215,0.061966734,125.5818672,0.005166471,0.441887767,12.53840172,0.001506691,1.851868562,0.060281457,0.008452504,49.05887517,0.882597427,1838.430557,0.074805291,6.51043047,184.387121,0.020496208,26.4982069,0.889829305,0.114892143,662.3736463,13.98956991,64542.17769,0.043122918,8.203083986,68.36384612,10.58698144,44.82531688,0.705110209,0.262250197,4.581795241,13.98956991,64542.17769,0.043122918,7.654107118,4.08508422,10.58698144,40.5106244,0.705110209,0.17660402,4.581795241,13.4973102,64542.17769,0.036993308,3.929879599,,10.08598024,21.99290963,0.136291653,0.146304189,2.688013804
10,8/3/2021,BN,EPIL,110,8/3/2021,NA,167.82,3,11.50393703,73.76325404,7.021062297,32.12232795,0.003264014,126.6561694,0.001816432,0.241817713,9.686722566,0.002094257,1.163169082,0.042683251,0.003685744,14.16856407,0.046529793,1374.083399,0.022154529,2.942092412,114.0814988,0.023147579,12.66110997,0.492925677,0.045889358,136.9619985,12.87696452,84340.76912,0.116723284,14.1517102,313.7432895,4.12802087,43.27184407,2.00696282,0.279947009,20.96481548,11.92304495,84340.76912,0.014013491,5.649649591,0,4.12802087,18.24295485,0.908141528,0.212385758,3.046052347,11.57182398,84340.76912,0.012666712,2.477739482,,3.915479393,18.24295485,0.223005734,0.189863504,1.567952612
47,8/3/2021,BN,EPIP,268,8/3/2021,NA,167.82,3,41.30409867,32.35985281,11.9583242,31.51276126,0.0040191,111.6151566,0.001782995,0.25123512,10.29543893,0.00171889,0.934125996,0.042130745,0.004353247,10.55920042,0.395478491,4369.24118,0.078049865,10.94916328,437.9665939,0.062783681,35.92853387,1.752328941,0.20241024,234.6907086,12.87696452,84340.76912,0.116723284,14.1517102,313.7432895,4.12802087,43.27184407,2.00696282,0.279947009,20.96481548,11.92304495,84340.76912,0.014013491,5.649649591,0,4.12802087,18.24295485,0.908141528,0.212385758,3.046052347,11.57182398,84340.76912,0.012666712,2.477739482,,3.915479393,18.24295485,0.223005734,0.189863504,1.567952612
68,8/3/2021,BN,FILA,364,8/3/2021,NA,167.82,2.75,28.59610246,95.54788796,NA,163.726986,0.008201166,99.41881703,0.001597374,0.153524492,5.88003897,0.001352096,1.017691006,0.021652922,0.003120559,0.328147839,0.273156771,3941.930341,0.058361709,5.355021185,210.9258545,0.050462475,36.95000926,0.782862126,0.116723163,11.75907462,12.87696452,84340.76912,0.116723284,14.1517102,313.7432895,4.12802087,43.27184407,2.00696282,0.279947009,20.96481548,11.92304495,84340.76912,0.014013491,5.649649591,0,4.12802087,18.24295485,0.908141528,0.212385758,3.046052347,11.57182398,84340.76912,0.012666712,2.477739482,,3.915479393,18.24295485,0.223005734,0.189863504,1.567952612
