"","site","date","UF_Na","UF_Mg","UF_Al","UF_P","UF_S","UF_K","UF_Ca","UF_V","UF_Cr_KED","UF_Cr_NH3","UF_Fe_NH3","UF_Mn","UF_Fe_KED","UF_Co","UF_Ni","UF_Cu_KED","UF_Cu_NH3","UF_Zn","UF_As_STD","UF_As_KED","UF_As_Oshift","UF_Se..77..77.77..ppb.","UF_Se77_Oshift","UF_Se78_Oshift","UF_Se80_Oshift","UF_Se..82..82.82..ppb.","UF_Se82_Oshift","UF_Mo_NH3","UF_Mo_Oshift","UF_Cd111","UF_Cd114","UF_Pb_STD","UF_Pb_NH3","F_Na","F_Mg","F_Al","F_P","F_S","F_K","F_Ca","F_V","F_Cr_KED","F_Cr_NH3","F_Fe_NH3","F_Mn","F_Fe_KED","F_Co","F_Ni","F_Cu_KED","F_Cu_NH3","F_Zn","F_As_STD","F_As_KED","F_As_Oshift","F_Se..77..77.77..ppb.","F_Se77_Oshift","F_Se78_Oshift","F_Se80_Oshift","F_Se..82..82.82..ppb.","F_Se82_Oshift","F_Mo_NH3","F_Mo_Oshift","F_Cd111","F_Cd114","F_Pb_STD","F_Pb_NH3","W_Na","W_Mg","W_Al","W_P","W_S","W_K","W_Ca","W_V","W_Cr_KED","W_Cr_NH3","W_Fe_NH3","W_Mn","W_Fe_KED","W_Co","W_Ni","W_Cu_KED","W_Cu_NH3","W_Zn","W_As_STD","W_As_KED","W_As_Oshift","W_Se..77..77.77..ppb.","W_Se77_Oshift","W_Se78_Oshift","W_Se80_Oshift","W_Se..82..82.82..ppb.","W_Se82_Oshift","W_Mo_NH3","W_Mo_Oshift","W_Cd111","W_Cd114","W_Pb_STD","W_Pb_NH3"
"1","WS",2021-06-21,8221.15353535354,5815.78181818182,4.73131313131313,52.2747474747475,14917.3393939394,1825.28484848485,31520.2565656566,0.593939393939394,0.098989898989899,0.133333333333333,1.27856110820603,67.4565656565657,1.42326650693497,0.0682711548265122,0.313131313131313,1.02628963842727,3.28888888888889,1.36363636363636,11.2505050505051,6.91313131313131,10.9292929292929,0.426625594643884,0.0578485196785749,0.0444444444444444,0.105050505050505,0.446464646464647,0.0848484848484849,17.5717171717172,17.0888888888889,0.0110494237109797,0.0181818181818182,0.15959595959596,0.163636363636364,10777.1898989899,8709.38585858586,12.650505050505,69.5959595959596,25272.6646464646,2767.68282828283,48149.2222222222,0.703030303030303,0.111111111111111,0.098989898989899,23.8161616161616,72.0282828282828,24.6747474747475,0.0682711548265122,0.563636363636364,4.58989898989899,4.57575757575758,2.57575757575758,11.9454545454545,9.98787878787879,12.0060606060606,0.426625594643884,0.0578485196785749,0.111111111111111,0.127272727272727,0.484848484848485,0.0626262626262626,17.6161616161616,18.6444444444444,0.0110494237109797,0.0202020202020202,0.22020202020202,0.226262626262626,11305.5858585859,8934.94949494949,102.060606060606,50.8202264291418,30712.8787878788,3428.86868686869,50014.6060606061,1.43434343434343,0.121297853039956,0.242424242424242,116.070707070707,82.6262626262626,116.313131313131,0.341355774132561,0.757575757575758,5.13144819213636,5.27342821865632,1.66666666666667,13.5050505050505,10.6565656565657,12.9090909090909,2.13312797321942,0.289242598392875,0.0930082814564861,0.151515151515152,0.507804600803194,0.109064519939393,19.6363636363636,18.979797979798,0.0552471185548987,0.0411386095820499,0.36469615830563,0.398808615568618
"2","GC",2021-06-21,14494.5393939394,10128.5050505051,3.42424242424242,31.4383838383838,22463.103030303,2921.89292929293,49979.4787878788,1.34949494949495,0.101010101010101,0.111111111111111,1.27856110820603,27.1575757575758,1.42326650693497,0.0682711548265122,0.41010101010101,4.69090909090909,4.87272727272727,1.42222222222222,10.8868686868687,9.44848484848485,11.4464646464646,0.426625594643884,0.0578485196785749,0.115151515151515,0.123232323232323,0.571717171717172,0.133333333333333,12.4464646464646,12.5151515151515,0.0222222222222222,0.0262626262626263,0.147474747474747,0.0797617231137235,13784.2060606061,10670.2828282828,13.5292929292929,32.1676767676768,23945.6808080808,2958.31313131313,52941.5333333333,1.34747474747475,0.109090909090909,0.115151515151515,19.0222222222222,28.410101010101,20.0828282828283,0.0682711548265122,0.519191919191919,8.63232323232323,8.1030303030303,3.4020202020202,13.5212121212121,10.6323232323232,11.5232323232323,1.18383838383838,0.234343434343434,0.105050505050505,0.119191919191919,0.581818181818182,0.137373737373737,12.9171717171717,12.7636363636364,0.0303030303030303,0.0323232323232323,0.319191919191919,0.280808080808081,14556.6060606061,10918.5151515152,137.656565656566,50.8202264291418,31746.4545454545,3909.83838383838,54436.6767676768,2.21212121212121,0.121297853039956,0.252525252525253,133.666666666667,40.1717171717172,135.010101010101,0.341355774132561,0.555555555555556,13.7676767676768,14.030303030303,4.87878787878788,13.2727272727273,13.1212121212121,12.8181818181818,2.13312797321942,0.289242598392875,0.0930082814564861,0.121212121212121,1.17171717171717,0.109064519939393,13.0909090909091,12.8787878787879,0.0552471185548987,0.0411386095820499,1.03030303030303,1.04040404040404
"3","BG",2021-06-21,17812.1313131313,12352.3232323232,3.02222222222222,38.3151515151515,22371.8666666667,3244.9797979798,56078.1595959596,1.9979797979798,0.105050505050505,0.0929292929292929,1.27856110820603,31.7414141414141,1.42326650693497,0.0682711548265122,0.456565656565657,8.23434343434343,8.27878787878788,2.75353535353535,10.9959595959596,10.4848484848485,11.0787878787879,0.426625594643884,0.0578485196785749,0.0787878787878788,0.129292929292929,0.571717171717172,0.167676767676768,11.2262626262626,10.8424242424242,0.0323232323232323,0.0282828282828283,0.157575757575758,0.161616161616162,16886.6646464646,13010.797979798,7.39393939393939,42.8646464646465,25004.2060606061,3405.72323232323,58857.9555555556,1.84242424242424,0.117171717171717,0.103030303030303,54.7434343434343,34.2363636363636,55.440404040404,0.0682711548265122,0.565656565656566,9.18181818181818,9.31919191919192,3.57373737373737,11.8343434343434,11.9555555555556,12.0424242424242,0.426625594643884,0.133333333333333,0.18989898989899,0.141414141414141,0.622222222222222,0.139393939393939,12.0747474747475,11.7212121212121,0.0383838383838384,0.0404040404040404,0.290909090909091,0.305050505050505,16701.0909090909,11881.3939393939,130.424242424242,50.8202264291418,28364.8888888889,4441.06060606061,59098.2323232323,2.74747474747475,0.343434343434343,0.363636363636364,131.161616161616,47.1414141414141,128.363636363636,0.341355774132561,0.444444444444444,13.4141414141414,13.9090909090909,5.57575757575758,12.6767676767677,10.5959595959596,12.8484848484848,2.13312797321942,0.289242598392875,0.0930082814564861,0.0554177867969806,0.507804600803194,0.109064519939393,11.6262626262626,11.4747474747475,0.0552471185548987,0.0411386095820499,1.07070707070707,1.26262626262626
"4","BN",2021-06-21,13682.7212121212,11002.197979798,2.85454545454545,45.1737373737374,16282.6,2706.64646464646,47860.8929292929,1.5030303030303,0.0828282828282828,0.0767676767676768,1.27856110820603,18.9555555555556,1.42326650693497,0.0682711548265122,0.37979797979798,4.61010101010101,4.64848484848485,1.71717171717172,8.09292929292929,7.64242424242424,7.99191919191919,0.426625594643884,0.0578485196785749,0.127272727272727,0.096969696969697,0.496969696969697,0.0848484848484849,6.27676767676768,6.07272727272727,0.0222222222222222,0.0262626262626263,0.16969696969697,0.167676767676768,13672.1131313131,12533.9535353535,10.8626262626263,46.5757575757576,19403.7595959596,3001.25656565657,54882.0181818182,1.6020202020202,0.18989898989899,0.183838383838384,23.4282828282828,21.7353535353535,25.3252525252525,0.0682711548265122,0.567676767676768,21.5575757575758,20.4828282828283,8.22626262626263,8.82222222222222,7.9010101010101,8.87272727272727,0.426625594643884,0.0578485196785749,0.109090909090909,0.145454545454545,0.521212121212121,0.0888888888888889,6.75151515151515,6.70707070707071,0.0262626262626263,0.0343434343434343,0.298989898989899,0.303030303030303,12936.1818181818,11516.7474747475,188.464646464647,50.8202264291418,23997.3535353535,3626.51515151515,52640.6161616162,2.22222222222222,0.121297853039956,0.252525252525253,156.636363636364,38.7777777777778,155.434343434343,0.341355774132561,0.424242424242424,12.2121212121212,12.3737373737374,4.90909090909091,9.28282828282828,7.47474747474748,9.93939393939394,2.13312797321942,0.289242598392875,0.0930082814564861,0.0554177867969806,0.507804600803194,0.109064519939393,6.70707070707071,7.12121212121212,0.0552471185548987,0.0411386095820499,0.96969696969697,1.03030303030303
"5","DL",2021-06-21,14866.8262626263,14117.8121212121,0.9446181709083,49.5757575757576,22822.1575757576,3265.5797979798,59987.4060606061,1.91515151515152,0.133333333333333,0.098989898989899,1.27856110820603,16.2565656565657,1.42326650693497,0.0682711548265122,0.480808080808081,4.6969696969697,4.72727272727273,1.03434343434343,9.10909090909091,7.75959595959596,9.17171717171717,0.426625594643884,0.0578485196785749,0.197979797979798,0.137373737373737,0.547474747474748,0.125252525252525,5.55151515151515,5.34141414141414,0.0262626262626263,0.0282828282828283,0.151515151515152,0.15959595959596,12904.5191919192,14435.3939393939,10.5939393939394,54.6363636363636,23872.6626262626,3354.32323232323,62509.8868686869,1.77373737373737,0.139393939393939,0.119191919191919,14.4626262626263,19.8989898989899,15.0424242424242,0.0682711548265122,0.587878787878788,7.78787878787879,7.7959595959596,2.86868686868687,9.53131313131313,8.03434343434343,10.8565656565657,0.426625594643884,0.151515151515152,0.214141414141414,0.18989898989899,0.733333333333333,0.171717171717172,5.72525252525253,6.33737373737374,0.0323232323232323,0.0323232323232323,0.260606060606061,0.280808080808081,15212.4848484848,15734.2323232323,193.010101010101,50.8202264291418,37362.9090909091,4523.38383838384,71500.2929292929,2.76767676767677,0.303030303030303,0.292929292929293,127.59595959596,29.6868686868687,141.555555555556,0.341355774132561,0.474747474747475,18.4949494949495,16.8585858585859,7.70707070707071,10.3636363636364,9.82828282828283,10.2323232323232,2.13312797321942,0.289242598392875,0.0930082814564861,0.171717171717172,0.507804600803194,0.109064519939393,5.62626262626263,5.63636363636364,0.0552471185548987,0.0411386095820499,0.858585858585859,0.838383838383839
"6","GR",2021-06-21,14386.3818181818,14490.096969697,8.04444444444445,49.3757575757576,21155.7313131313,3173.7898989899,58558.3050505051,1.74747474747475,0.098989898989899,0.0929292929292929,1.27856110820603,13.5838383838384,1.42326650693497,0.0682711548265122,0.282828282828283,4.51313131313131,4.67474747474748,1.17777777777778,9.01414141414141,8.3979797979798,9.12929292929293,0.426625594643884,0.0578485196785749,0.113131313131313,0.125252525252525,0.650505050505051,0.173737373737374,5.04242424242424,4.87474747474747,0.0242424242424242,0.0262626262626263,0.149494949494949,0.163636363636364,12819.6323232323,15171.1454545455,15.3979797979798,54.4868686868687,23883.0343434343,3298.48686868687,62146.997979798,1.82626262626263,0.094949494949495,0.111111111111111,14.2646464646465,15.9050505050505,14.9151515151515,0.0682711548265122,0.363636363636364,8.42020202020202,8.50707070707071,4.07676767676768,10.2808080808081,9.11313131313131,10.4969696969697,0.426625594643884,0.157575757575758,0.163636363636364,0.171717171717172,0.614141414141414,0.202020202020202,5.52525252525253,5.57777777777778,0.0343434343434343,0.0343434343434343,0.290909090909091,0.288888888888889,13365.1616161616,15060.202020202,164.30303030303,50.8202264291418,28043.2424242424,3960.54545454545,62887.4747474747,2.67676767676768,0.121297853039956,0.109119320395622,120.666666666667,30.6363636363636,121.969696969697,0.341355774132561,0.525252525252525,10.7272727272727,10.6868686868687,5.91919191919192,10.3737373737374,10.1414141414141,10.5656565656566,2.13312797321942,0.289242598392875,0.0930082814564861,0.0554177867969806,0.507804600803194,0.109064519939393,5.36363636363636,5.37373737373737,0.0552471185548987,0.0411386095820499,0.858585858585859,0.898989898989899
"7","WS",2021-07-06,18173.1757575758,12875.1434343434,13.6707070707071,56.0888888888889,38950.8808080808,3772.16767676768,69916.8686868687,0.975757575757576,0.123232323232323,0.125252525252525,1.27856110820603,44.3252525252525,1.42326650693497,0.0682711548265122,0.737373737373737,7.70505050505051,7.71515151515152,3.93939393939394,10.5111111111111,9.25656565656566,10.820202020202,0.426625594643884,0.0578485196785749,0.0727272727272727,0.0868686868686869,0.57979797979798,0.094949494949495,25.4444444444444,25.2525252525253,0.0110494237109797,0.0222222222222222,0.0729392316611259,0.0797617231137235,14536.9131313131,11191.9939393939,13.3858585858586,30.2606060606061,38442.1858585859,3443.83838383838,62200.2323232323,0.812121212121212,0.16969696969697,0.197979797979798,16.1434343434343,42.1939393939394,16.5373737373737,0.0682711548265122,0.822222222222222,2.36363636363636,2.42626262626263,1.79393939393939,10.2444444444444,9.36767676767677,10.4646464646465,0.426625594643884,0.0578485196785749,0.137373737373737,0.113131313131313,0.622222222222222,0.0767676767676768,24.8444444444444,24.4464646464647,0.0110494237109797,0.0242424242424242,0.0729392316611259,0.0797617231137235,11857.0202020202,12200.6767676768,50.3030303030303,50.8202264291418,32776.2525252525,2929.27272727273,62923.3838383838,0.58574752640477,0.262626262626263,0.109119320395622,43.5555555555556,33.6262626262626,47.6868686868687,0.341355774132561,0.656565656565657,5.13144819213636,5.27342821865632,1.75757575757576,11.5959595959596,8.98989898989899,10.2929292929293,2.13312797321942,0.289242598392875,0.0930082814564861,0.171717171717172,1.07070707070707,0.109064519939393,17.1010101010101,17.2424242424242,0.0552471185548987,0.0411386095820499,0.36469615830563,0.398808615568618
"8","GC",2021-07-06,20216.5656565657,12885.6707070707,2.31515151515151,29.1050505050505,28845.4727272727,3787.74545454545,63942.0262626263,1.77777777777778,0.131313131313131,0.129292929292929,1.27856110820603,36.3494949494949,1.42326650693497,0.0682711548265122,0.432323232323232,3.11717171717172,3.18585858585859,2.68080808080808,12.8727272727273,11.3111111111111,11.4040404040404,0.426625594643884,0.0578485196785749,0.151515151515152,0.151515151515152,0.868686868686869,0.105050505050505,13.1030303030303,12.2585858585859,0.0323232323232323,0.0343434343434343,0.234343434343434,0.228282828282828,17224.2121212121,12379.2848484848,8.48686868686869,10.1640452858284,27726.1858585859,3590.78383838384,63398.3313131313,1.66464646464646,0.107070707070707,0.127272727272727,14.8121212121212,40.3090909090909,14.6808080808081,0.0682711548265122,0.448484848484849,6.30707070707071,6.51717171717172,8.03030303030303,12.9474747474747,11.2060606060606,12.7858585858586,0.426625594643884,0.0578485196785749,0.208080808080808,0.157575757575758,0.824242424242424,0.113131313131313,14.2929292929293,13.9353535353535,0.0363636363636364,0.0383838383838384,0.535353535353535,0.509090909090909,17515.4545454545,13007.3636363636,116.616161616162,50.8202264291418,24427.5252525253,3829.91919191919,65259.9393939394,1.81818181818182,0.363636363636364,0.333333333333333,119.282828282828,56.7272727272727,121.707070707071,0.341355774132561,0.262626262626263,12.5151515151515,12.020202020202,5.6969696969697,13.3737373737374,10.5151515151515,12.6262626262626,2.13312797321942,0.289242598392875,0.0930082814564861,0.353535353535354,1.45454545454545,0.505050505050505,8.22222222222222,7.92929292929293,0.0552471185548987,0.0411386095820499,1.13131313131313,0.888888888888889
"9","BG",2021-07-06,22504.1070707071,14323.602020202,2.31515151515151,21.9919191919192,24940.0666666667,3996.01818181818,64542.1777777778,2.32525252525253,1.57373737373737,1.48282828282828,13.5959595959596,44.3333333333333,14.9030303030303,0.0682711548265122,0.458585858585859,3.9979797979798,3.92929292929293,2.68888888888889,13.5656565656566,12.8020202020202,13.4969696969697,0.426625594643884,0.129292929292929,0.16969696969697,0.145454545454545,0.856565656565657,0.127272727272727,10.0868686868687,9.84242424242424,0.0363636363636364,0.0363636363636364,0.0729392316611259,0.0797617231137235,19443.1454545455,13835.5616161616,10.2424242424242,40.5111111111111,24749.4323232323,3900.35353535354,62357.0606060606,2.27676767676768,0.113131313131313,0.121212121212121,17.6808080808081,45.9838383838384,18.3252525252525,0.0682711548265122,0.37979797979798,7.34949494949495,7.65454545454546,4.58181818181818,14.0383838383838,12.969696969697,13.989898989899,0.426625594643884,0.0578485196785749,0.185858585858586,0.175757575757576,0.735353535353535,0.119191919191919,10.5878787878788,10.189898989899,0.0424242424242424,0.0404040404040404,0.652525252525253,0.705050505050505,20536.3636363636,13273.1414141414,71.0404040404041,50.8202264291418,24738.3131313131,4245.44444444444,64011.0909090909,1.84848484848485,0.353535353535354,0.393939393939394,79.3838383838384,57.2121212121212,85.7878787878788,0.341355774132561,0.353535353535354,5.13144819213636,5.27342821865632,3.86868686868687,14.3030303030303,9.92929292929293,12.7676767676768,2.13312797321942,0.289242598392875,0.282828282828283,0.272727272727273,1.95959595959596,0.323232323232323,7.80808080808081,8.09090909090909,0.0552471185548987,0.0411386095820499,0.36469615830563,0.398808615568618
"10","BN",2021-07-06,17462.7292929293,13171.3515151515,0.9446181709083,23.989898989899,19037.0868686869,3390.4101010101,57561.8888888889,1.95151515151515,0.131313131313131,0.125252525252525,1.27856110820603,18.9838383838384,1.42326650693497,0.0682711548265122,0.333333333333333,3.04242424242424,2.95151515151515,1.66464646464646,10.1818181818182,9.30707070707071,10.189898989899,0.426625594643884,0.0578485196785749,0.143434343434343,0.139393939393939,0.703030303030303,0.0585858585858586,6.41414141414141,6.2020202020202,0.0262626262626263,0.0262626262626263,0.357575757575758,0.387878787878788,15231.4464646465,12700.9757575758,19.4929292929293,40.9131313131313,19959.7636363636,3226.67878787879,60380.4585858586,1.98787878787879,0.125252525252525,0.125252525252525,14.7373737373737,20.579797979798,15.5555555555556,0.0682711548265122,0.408080808080808,6.65454545454546,6.41818181818182,3.04242424242424,11.0686868686869,10.0383838383838,10.9232323232323,0.426625594643884,0.151515151515152,0.141414141414141,0.135353535353535,0.55959595959596,0.111111111111111,6.9959595959596,6.63434343434343,0.0323232323232323,0.0343434343434343,1.12929292929293,1.19393939393939,12858.494949495,11487.7676767677,93.1818181818182,50.8202264291418,16365.9292929293,2941.73737373737,49754.1212121212,1.4949494949495,0.282828282828283,0.373737373737374,88.6363636363637,38.6262626262626,89.3232323232323,0.341355774132561,0.343434343434343,5.13144819213636,5.27342821865632,3.76767676767677,9.90909090909091,7.65656565656566,9.22222222222222,2.13312797321942,0.289242598392875,0.0930082814564861,0.171717171717172,0.507804600803194,0.232323232323232,4.92929292929293,5.04040404040404,0.0552471185548987,0.0411386095820499,0.36469615830563,0.398808615568618
"11","DL",2021-07-06,16744.1232323232,16564.4464646465,2.4040404040404,10.1640452858284,27672.1454545455,3926.2202020202,68361.0222222222,2.13737373737374,0.111111111111111,0.105050505050505,1.27856110820603,11.4545454545455,1.42326650693497,0.0682711548265122,0.361616161616162,3.15353535353535,3.16969696969697,1.6020202020202,11.1131313131313,9.8,11.230303030303,0.426625594643884,0.157575757575758,0.177777777777778,0.171717171717172,0.836363636363636,0.15959595959596,4.98383838383838,5.06666666666667,0.0303030303030303,0.0303030303030303,0.232323232323232,0.260606060606061,14976.8828282828,16923.1111111111,11.6141414141414,41.2080808080808,28916.5393939394,4029.39393939394,72368.2565656566,2.02020202020202,0.123232323232323,0.2,14.0121212121212,13.0262626262626,11.9474747474747,0.0682711548265122,0.424242424242424,6.53535353535354,8.13939393939394,3.3959595959596,11.9414141414141,11.1191919191919,11.9191919191919,0.426625594643884,0.193939393939394,0.16969696969697,0.195959595959596,0.923232323232323,0.151515151515152,6.72323232323232,5.28888888888889,0.0383838383838384,0.0323232323232323,0.694949494949495,0.741414141414141,13113.3131313131,15756.303030303,114.343434343434,50.8202264291418,25375.7474747475,3838.82828282828,63268.9797979798,1.68686868686869,1.05050505050505,1.02020202020202,100.10101010101,47.5959595959596,97.2222222222222,0.341355774132561,0.393939393939394,5.13144819213636,5.27342821865632,4.64646464646465,10.9191919191919,6.98989898989899,9.77777777777778,2.13312797321942,0.289242598392875,0.202020202020202,0.252525252525253,1.98989898989899,0.272727272727273,4.19191919191919,4.04040404040404,0.0552471185548987,0.0411386095820499,0.36469615830563,0.398808615568618
"12","GR",2021-07-06,16048.5353535354,16479.3656565657,2.42828282828283,10.1640452858284,28163.9111111111,3877.69494949495,67033.4242424242,2.04848484848485,0.141414141414141,0.135353535353535,1.27856110820603,3.53131313131313,1.42326650693497,0.0682711548265122,0.337373737373737,3.6989898989899,3.72929292929293,1.33535353535354,12.4727272727273,9.42222222222222,10.9151515151515,0.909090909090909,0.0578485196785749,0.129292929292929,0.171717171717172,0.797979797979798,0.208080808080808,5.34343434343434,5.21212121212121,0.0262626262626263,0.0262626262626263,0.305050505050505,0.280808080808081,14425.5939393939,16983.9434343434,8.32121212121212,33.779797979798,29001.2282828283,3851.11515151515,67915.1414141414,2.02020202020202,0.111111111111111,0.125252525252525,7.96969696969697,4.33131313131313,8.72525252525253,0.0682711548265122,0.351515151515152,6.44848484848485,6.44848484848485,2.14949494949495,11.2909090909091,10.4808080808081,11.5191919191919,0.426625594643884,0.145454545454545,0.161616161616162,0.177777777777778,0.812121212121212,0.185858585858586,5.6040404040404,5.37575757575758,0.0262626262626263,0.0303030303030303,0.395959595959596,0.424242424242424,12897.3737373737,16971.1111111111,34.6464646464647,50.8202264291418,28068.101010101,3928.9494949495,64551.1313131313,1.31313131313131,0.363636363636364,0.313131313131313,25.040404040404,14.8888888888889,25.3939393939394,0.341355774132561,0.404040404040404,5.13144819213636,5.27342821865632,1.24242424242424,10.3232323232323,7.33333333333333,9.90909090909091,2.13312797321942,0.289242598392875,0.303030303030303,0.252525252525253,0.507804600803194,0.323232323232323,3.92929292929293,4.04040404040404,0.0552471185548987,0.0411386095820499,0.36469615830563,0.398808615568618
"13","WS",2021-08-02,11116.5898989899,11142.2141414141,3.08686868686869,10.1640452858284,24907.7818181818,2461.63434343434,57413.0545454545,0.8,0.125252525252525,0.119191919191919,1.27856110820603,30.6828282828283,1.42326650693497,0.0682711548265122,0.484848484848485,1.02628963842727,1.05468564373126,2.93333333333333,8.74545454545455,7.52525252525253,8.84848484848485,0.426625594643884,0.0578485196785749,0.101010101010101,0.096969696969697,0.614141414141414,0.0707070707070707,10.5070707070707,10.6989898989899,0.0110494237109797,0.00822772191640997,0.0729392316611259,0.0797617231137235,9682.41818181818,12312.4747474747,5.71313131313131,10.1640452858284,28903.9515151515,2497.99191919192,62224.0262626263,0.771717171717172,0.105050505050505,0.096969696969697,13.210101010101,34.159595959596,14.0222222222222,0.0682711548265122,0.595959595959596,2.52525252525253,2.53737373737374,3.86868686868687,9.24444444444444,7.98383838383838,9.97979797979798,0.426625594643884,0.0578485196785749,0.131313131313131,0.115151515151515,0.658585858585859,0.147474747474747,12.0787878787879,12.2505050505051,0.0110494237109797,0.00822772191640997,0.0729392316611259,0.0797617231137235,9716,12109.3838383838,83.3030303030303,50.8202264291418,33960.9898989899,2816.15151515152,61562.5656565657,0.58574752640477,0.363636363636364,0.323232323232323,80.5353535353535,52.2929292929293,82.9292929292929,0.341355774132561,1,5.13144819213636,5.27342821865632,1.4040404040404,10.5252525252525,7.76767676767677,10.6464646464646,2.13312797321942,0.289242598392875,0.0930082814564861,0.171717171717172,0.507804600803194,0.109064519939393,11.7979797979798,12.1313131313131,0.0552471185548987,0.0411386095820499,0.36469615830563,0.398808615568618
"14","GC",2021-08-02,21562.7535353535,14127.4868686869,0.9446181709083,10.1640452858284,24575.8141414141,4233.34141414141,70691.3171717172,2.03838383838384,0.202020202020202,0.181818181818182,1.27856110820603,27.8262626262626,1.42326650693497,0.0682711548265122,0.424242424242424,4.35151515151515,4.41616161616162,4.62424242424242,11.7212121212121,9.74343434343434,12.3959595959596,0.426625594643884,0.181818181818182,0.224242424242424,0.238383838383838,0.808080808080808,0.234343434343434,6.97777777777778,7.02424242424242,0.0363636363636364,0.0323232323232323,0.0729392316611259,0.0797617231137235,19940.1333333333,15110.0505050505,3.83232323232323,10.1640452858284,27636.0707070707,4504.44646464646,75944.1939393939,1.9959595959596,0.84040404040404,0.878787878787879,20.7737373737374,27.7292929292929,21.1555555555556,0.0682711548265122,0.545454545454546,8.14141414141414,8.25656565656566,7.06666666666667,12.5555555555556,11.1676767676768,12.0343434343434,0.426625594643884,0.23030303030303,0.238383838383838,0.2,1.04848484848485,0.286868686868687,7.43434343434344,6.88282828282828,0.0404040404040404,0.0363636363636364,0.191919191919192,0.191919191919192,19764.1515151515,14562.5050505051,145.444444444444,50.8202264291418,31793.0606060606,5048.05050505051,76458.1818181818,2.38383838383838,0.555555555555556,0.505050505050505,157.676767676768,63.1717171717172,164.89898989899,0.341355774132561,0.494949494949495,16.0606060606061,15.2727272727273,10.1919191919192,13.6161616161616,12.6161616161616,13.9393939393939,2.13312797321942,0.289242598392875,0.242424242424242,0.252525252525253,1.05050505050505,0.373737373737374,7.39393939393939,7.31313131313131,0.0552471185548987,0.0411386095820499,1.3030303030303,1.32323232323232
"15","BG",2021-08-02,23260.701010101,14256.5939393939,0.9446181709083,10.1640452858284,21476.1212121212,4778.04444444444,65801.5131313131,2.75757575757576,0.343434343434343,0.309090909090909,1.27856110820603,27.830303030303,1.42326650693497,0.0682711548265122,0.371717171717172,4.2969696969697,4.2969696969697,1.89292929292929,13.1272727272727,11.7515151515152,13.8181818181818,0.426625594643884,0.125252525252525,0.238383838383838,0.254545454545455,1.08080808080808,0.208080808080808,5.76363636363636,5.86262626262626,0.0262626262626263,0.0222222222222222,0.0729392316611259,0.0797617231137235,23231.4282828283,15141.896969697,5.75757575757576,10.1640452858284,23788.5474747475,5332.01212121212,72763.4101010101,2.85454545454545,0.256565656565657,0.264646464646465,12.4080808080808,29.9454545454545,13.6040404040404,0.0682711548265122,0.43030303030303,8.76363636363636,8.54141414141414,4.47474747474747,14.1616161616162,12.8646464646465,14.1030303030303,0.876767676767677,0.131313131313131,0.258585858585859,0.193939393939394,1.21818181818182,0.195959595959596,6.48484848484849,6.26868686868687,0.0242424242424242,0.0262626262626263,0.197979797979798,0.206060606060606,21989.7777777778,14374.6565656566,75.2626262626263,50.8202264291418,26900.6666666667,4570.89898989899,70946.9696969697,2.86868686868687,0.767676767676768,0.777777777777778,111.131313131313,78.5050505050505,107.787878787879,0.341355774132561,0.575757575757576,13.0909090909091,13.3737373737374,5.83838383838384,15.3737373737374,12.6161616161616,15.4949494949495,2.13312797321942,0.289242598392875,0.373737373737374,0.313131313131313,0.507804600803194,0.292929292929293,6.45454545454546,6.17171717171717,0.0552471185548987,0.0411386095820499,0.36469615830563,0.398808615568618
"16","BN",2021-08-02,17068.096969697,12880.8505050505,0.9446181709083,10.1640452858284,17352.4383838384,3711.88888888889,56660.1232323232,1.94141414141414,0.177777777777778,0.149494949494949,1.27856110820603,13.5414141414141,1.42326650693497,0.0682711548265122,0.341414141414141,2.96767676767677,2.9959595959596,1.55555555555556,9.34545454545455,7.85656565656566,9.72121212121212,0.426625594643884,0.137373737373737,0.181818181818182,0.16969696969697,0.656565656565657,0.212121212121212,3.98585858585859,4.03030303030303,0.0110494237109797,0.0181818181818182,0.0729392316611259,0.0797617231137235,15627.8303030303,13631.9595959596,4.69494949494949,10.1640452858284,19760.4323232323,4091.33333333333,63002.4424242424,2.0969696969697,0.276767676767677,0.24040404040404,10.769696969697,15.8444444444444,11.810101010101,0.0682711548265122,0.395959595959596,6.81212121212121,6.44242424242424,3.03232323232323,10.169696969697,9.1010101010101,10.6808080808081,0.426625594643884,0.0578485196785749,0.15959595959596,0.173737373737374,0.707070707070707,0.173737373737374,4.53131313131313,4.58787878787879,0.0242424242424242,0.0262626262626263,0.428282828282828,0.450505050505051,15125.7171717172,12944.5454545455,68.2828282828283,50.8202264291418,21639.7777777778,3613.34343434343,62324.8181818182,1.91919191919192,0.272727272727273,0.292929292929293,80.4444444444445,49.2323232323232,82.2020202020202,0.341355774132561,0.535353535353535,5.13144819213636,5.27342821865632,3.03030303030303,10.6464646464646,8.85858585858586,10.6969696969697,2.13312797321942,0.289242598392875,0.232323232323232,0.161616161616162,0.507804600803194,0.109064519939393,4.37373737373737,4.39393939393939,0.0552471185548987,0.0411386095820499,0.36469615830563,0.398808615568618
"17","DL",2021-08-02,19390.8484848485,19972.0404040404,0.9446181709083,21.010101010101,33567.4848484848,4735.87070707071,80828.9919191919,2.11111111111111,0.143434343434343,0.111111111111111,1.27856110820603,11.8888888888889,1.42326650693497,0.0682711548265122,0.43030303030303,2.92727272727273,2.68080808080808,1.93939393939394,11.1474747474747,10.6181818181818,11.3656565656566,0.907070707070707,0.135353535353535,0.244444444444444,0.226262626262626,0.898989898989899,0.242424242424242,4.11515151515152,4.07676767676768,0.0110494237109797,0.00822772191640997,0.0729392316611259,0.0797617231137235,16412.5575757576,19876.6343434343,7.72727272727273,10.1640452858284,34837.5696969697,4823.74545454545,84077.8888888889,2.17171717171717,0.131313131313131,0.111111111111111,8.8040404040404,14.5515151515152,10.6323232323232,0.0682711548265122,0.466666666666667,5.38383838383838,5.03434343434343,4.89090909090909,11.4141414141414,11.1777777777778,12.0747474747475,1.1010101010101,0.0578485196785749,0.171717171717172,0.224242424242424,0.993939393939394,0.248484848484849,4.41414141414141,4.44646464646465,0.0110494237109797,0.0222222222222222,0.274747474747475,0.292929292929293,15288.898989899,18060.797979798,250.393939393939,50.8202264291418,34393.7272727273,4686.34343434343,76329.7777777778,2.19191919191919,0.393939393939394,0.393939393939394,205.929292929293,71.0606060606061,214.535353535354,0.341355774132561,0.606060606060606,10.8989898989899,10.6969696969697,10.8080808080808,11.969696969697,10.1010101010101,12.4848484848485,2.13312797321942,0.289242598392875,0.0930082814564861,0.292929292929293,1.04040404040404,0.109064519939393,4.1010101010101,4.23232323232323,0.0552471185548987,0.0411386095820499,1.19191919191919,1.36363636363636
"18","GR",2021-08-02,18285.6363636364,20506.0262626263,0.9446181709083,10.1640452858284,34284.3676767677,4821.24646464647,84340.7696969697,2.34545454545455,1.82626262626263,1.72727272727273,14.5050505050505,13.2141414141414,16.7191919191919,0.0682711548265122,0.43030303030303,2.55757575757576,2.47676767676768,1.56767676767677,11.0161616161616,11.2989898989899,11.5717171717172,0.894949494949495,0.117171717171717,0.193939393939394,0.18989898989899,0.818181818181818,0.157575757575758,3.91515151515152,3.96767676767677,0.0110494237109797,0.00822772191640997,0.212121212121212,0.222222222222222,15237.3515151515,19460.1252525253,8.03636363636364,10.1640452858284,33221.4383838384,4539.59797979798,79998.3171717172,2.16161616161616,0.161616161616162,0.129292929292929,9.54343434343434,16.2383838383838,10.1535353535354,0.0682711548265122,0.464646464646465,5.54343434343434,5.65050505050505,3.04646464646465,11.4464646464646,9.53737373737374,11.9232323232323,0.931313131313131,0.256565656565657,0.236363636363636,0.212121212121212,0.923232323232323,0.185858585858586,4.12727272727273,4.15151515151515,0.0110494237109797,0.00822772191640997,0.795959595959596,0.909090909090909,14157.6060606061,18194.3636363636,373.919191919192,50.8202264291418,35137.0303030303,3992.17171717172,74503.4444444445,2.65656565656566,0.515151515151515,0.555555555555556,323.282828282828,118.40404040404,321.010101010101,0.341355774132561,0.626262626262626,13.6363636363636,14.1515151515152,20.969696969697,13.0505050505051,9.52525252525253,12.8787878787879,2.13312797321942,0.289242598392875,0.191919191919192,0.282828282828283,0.507804600803194,0.424242424242424,3.98989898989899,3.98989898989899,0.121212121212121,0.0909090909090909,1.91919191919192,2.01010101010101
"19","WS",2021-08-16,21355.698989899,12531.3232323232,3.27676767676768,49.9535353535354,54393.9131313131,4622.86464646465,82385.3171717172,1.01010101010101,0.165656565656566,0.163636363636364,1.27856110820603,29.3838383838384,1.42326650693497,0.0682711548265122,0.737373737373737,1.02628963842727,1.05468564373126,1.62626262626263,12.8848484848485,11.5919191919192,13.5616161616162,1.18383838383838,0.0578485196785749,0.123232323232323,0.139393939393939,0.84040404040404,0.137373737373737,40.1030303030303,40.8808080808081,0.0110494237109797,0.00822772191640997,0.0729392316611259,0.0797617231137235,18896.004040404,12761.5575757576,32.6525252525253,29.6808080808081,52069.6060606061,4502.28282828283,79847.5373737374,0.892929292929293,0.139393939393939,0.131313131313131,11.4,34.230303030303,11.430303030303,0.0682711548265122,0.731313131313131,1.02628963842727,2.22020202020202,2.09494949494949,13.5151515151515,11.9030303030303,14.8848484848485,1.25656565656566,0.0578485196785749,0.139393939393939,0.155555555555556,0.907070707070707,0.163636363636364,43.0949494949495,45.1414141414141,0.0110494237109797,0.00822772191640997,0.0729392316611259,0.0797617231137235,17830.0808080808,11666.595959596,36.2626262626263,50.8202264291418,60416.1919191919,4027.10101010101,79294.0202020202,0.58574752640477,0.121297853039956,0.109119320395622,58.0707070707071,49.2727272727273,49.6363636363636,0.341355774132561,0.797979797979798,5.13144819213636,5.27342821865632,0.898989898989899,14.0808080808081,11.8989898989899,14.4949494949495,2.13312797321942,0.289242598392875,0.222222222222222,0.0554177867969806,1.02020202020202,0.222222222222222,46.7777777777778,42.5353535353535,0.0552471185548987,0.0411386095820499,0.36469615830563,0.398808615568618
"20","GC",2021-08-16,22382.0282828283,13424.4242424242,0.9446181709083,26.5151515151515,37162.9414141414,4109.91111111111,75134.9191919192,1.73939393939394,0.123232323232323,0.111111111111111,1.27856110820603,25.7575757575758,1.42326650693497,0.0682711548265122,1.51717171717172,3.2949494949495,3.39191919191919,4.33131313131313,11.6080808080808,10.169696969697,12.1858585858586,1.31717171717172,0.181818181818182,0.163636363636364,0.218181818181818,1.1010101010101,0.153535353535354,19.9818181818182,20.2525252525253,0.0303030303030303,0.0282828282828283,0.208080808080808,0.226262626262626,20296.4080808081,14061.294949495,10.8848484848485,22.8484848484849,41002.8505050505,4453.70101010101,77669.1414141414,1.66666666666667,0.16969696969697,0.151515151515152,16.0484848484849,28.5737373737374,16.0848484848485,0.0682711548265122,1.96969696969697,6.98585858585859,7.05656565656566,10.9333333333333,13.2585858585859,10.620202020202,13.2242424242424,1.56565656565657,0.161616161616162,0.22020202020202,0.197979797979798,1.3010101010101,0.145454545454545,22.2828282828283,22.4383838383838,0.0323232323232323,0.0363636363636364,14.9232323232323,15.0868686868687,20518.0505050505,14118.7272727273,99.4242424242424,50.8202264291418,44339.7878787879,4336.28282828283,81819.5656565657,1.8989898989899,0.292929292929293,0.252525252525253,113.010101010101,50.4747474747475,114.191919191919,0.341355774132561,0.656565656565657,12.3434343434343,12.1010101010101,5.92929292929293,13.0707070707071,12.2121212121212,13.8181818181818,2.13312797321942,0.289242598392875,0.323232323232323,0.191919191919192,1.72727272727273,0.262626262626263,21.8383838383838,21.7070707070707,0.0552471185548987,0.0411386095820499,1.01010101010101,1.05050505050505
"21","BG",2021-08-16,22737.2101010101,14595.9353535354,0.9446181709083,36.3474747474747,31226.6343434343,4496.12121212121,71782.5454545455,2.17979797979798,0.202020202020202,0.171717171717172,1.27856110820603,26.2969696969697,1.42326650693497,0.0682711548265122,0.880808080808081,3.65656565656566,3.76565656565657,2.57979797979798,11.6666666666667,11.030303030303,12.0868686868687,1.13333333333333,0.123232323232323,0.143434343434343,0.167676767676768,0.995959595959596,0.212121212121212,15.9232323232323,16.0525252525253,0.0242424242424242,0.0202020202020202,0.0729392316611259,0.0797617231137235,21911.0161616162,15714.0404040404,6.38787878787879,35.7050505050505,36810.0323232323,4638.11111111111,79118.9535353535,2.48888888888889,0.151515151515152,0.143434343434343,14.1919191919192,29.5737373737374,15.0929292929293,0.0682711548265122,1.14949494949495,8.23434343434343,7.87070707070707,4.56363636363636,12.579797979798,11.5030303030303,13.2181818181818,1.08888888888889,0.0578485196785749,0.244444444444444,0.212121212121212,1.10505050505051,0.153535353535354,17.2969696969697,17.7414141414141,0.0323232323232323,0.0242424242424242,0.294949494949495,0.315151515151515,18978.9494949495,12794.5353535354,95.949494949495,50.8202264291418,31510.6464646465,3861.11111111111,68175.8888888889,2.21212121212121,0.121297853039956,0.272727272727273,113.262626262626,66.4444444444445,108.050505050505,0.341355774132561,0.484848484848485,11.2323232323232,11.2121212121212,5.84848484848485,12.979797979798,8.62626262626263,13.5757575757576,2.13312797321942,0.289242598392875,0.353535353535354,0.242424242424242,1.63636363636364,0.109064519939393,17.020202020202,17.2424242424242,0.0552471185548987,0.0411386095820499,0.808080808080808,0.838383838383839
"22","BN",2021-08-16,19037.7757575758,13652.6888888889,0.9446181709083,36.2242424242424,26657.804040404,3509.55151515152,63519.7494949495,1.81212121212121,0.127272727272727,0.125252525252525,1.27856110820603,14.420202020202,1.42326650693497,0.0682711548265122,1.61414141414141,2.66666666666667,2.78181818181818,1.20606060606061,8.95757575757576,6.7010101010101,9.57575757575758,1.07676767676768,0.0578485196785749,0.171717171717172,0.139393939393939,0.692929292929293,0.096969696969697,10.4141414141414,10.8080808080808,0.0110494237109797,0.00822772191640997,0.0729392316611259,0.0797617231137235,18012.4828282828,13604.7515151515,12.0141414141414,37.5434343434343,31521.8363636364,3693.24242424242,67807.3353535354,1.91919191919192,0.517171717171717,0.462626262626263,12.9171717171717,16.1313131313131,13.0949494949495,0.0682711548265122,2.62020202020202,6.08080808080808,6.05858585858586,2.78989898989899,10.1515151515152,8.77373737373737,10.4424242424242,1.17777777777778,0.2,0.173737373737374,0.195959595959596,0.739393939393939,0.202020202020202,11.7555555555556,11.9050505050505,0.0110494237109797,0.0181818181818182,0.204040404040404,0.22020202020202,16842.8585858586,13089.4646464646,104.323232323232,50.8202264291418,33592.2525252525,3507.50505050505,68024.7070707071,2.07070707070707,0.393939393939394,0.414141414141414,138.363636363636,54.2828282828283,119.959595959596,0.341355774132561,0.525252525252525,5.13144819213636,10.8282828282828,4.78787878787879,10.7474747474747,9.52525252525253,10.8585858585859,2.13312797321942,0.289242598392875,0.191919191919192,0.212121212121212,1.22222222222222,0.109064519939393,13.6161616161616,11.7171717171717,0.0552471185548987,0.0411386095820499,0.36469615830563,0.398808615568618
"23","DL",2021-08-16,18877.7171717172,19006.9797979798,2.72121212121212,40.169696969697,31933.9454545455,4103.88080808081,79151.4303030303,1.88282828282828,0.195959595959596,0.2,1.27856110820603,8.27878787878788,1.42326650693497,0.0682711548265122,0.626262626262626,2.46060606060606,2.52323232323232,1.99393939393939,9.64040404040404,8,10.0969696969697,1.15151515151515,0.22020202020202,0.204040404040404,0.181818181818182,0.793939393939394,0.228282828282828,5.10909090909091,5.13333333333333,0.0110494237109797,0.00822772191640997,0.0729392316611259,0.0797617231137235,16335.6666666667,19255.8202020202,6.33333333333333,34.9414141414141,35638.7595959596,4441.5898989899,82368.4525252525,1.97171717171717,0.105050505050505,0.123232323232323,8.04444444444445,9.82020202020202,8.7979797979798,0.0682711548265122,0.35959595959596,4.71111111111111,4.68484848484849,3.08686868686869,10.3616161616162,8.67474747474748,11.1393939393939,1.2020202020202,0.0578485196785749,0.181818181818182,0.254545454545455,0.927272727272727,0.191919191919192,5.50505050505051,5.73131313131313,0.0242424242424242,0.0181818181818182,0.204040404040404,0.218181818181818,15180.2828282828,18115.1818181818,136.676767676768,50.8202264291418,35210.202020202,4053.09090909091,77498.8787878788,2.01010101010101,1.06060606060606,1.09090909090909,119.757575757576,38.5454545454545,124.282828282828,0.341355774132561,0.494949494949495,5.13144819213636,5.27342821865632,4,10.949494949495,7.87878787878788,11,2.13312797321942,0.289242598392875,0.0930082814564861,0.333333333333333,1.23232323232323,0.232323232323232,5.29292929292929,5.38383838383838,0.0552471185548987,0.0411386095820499,0.36469615830563,0.398808615568618
"24","GR",2021-08-16,16584.7616161616,18249.0747474747,0.9446181709083,36.0383838383838,31226.1191919192,4055.11515151515,70772.6565656566,1.78383838383838,0.096969696969697,0.0848484848484849,1.27856110820603,5.64242424242424,1.42326650693497,0.0682711548265122,0.288888888888889,1.02628963842727,1.05468564373126,1.75959595959596,9.46262626262626,7.95959595959596,9.73939393939394,1.16767676767677,0.153535353535354,0.187878787878788,0.171717171717172,0.652525252525253,0.197979797979798,4.12727272727273,4.18383838383838,0.0110494237109797,0.00822772191640997,0.0729392316611259,0.0797617231137235,15637.8545454545,19065.1555555556,9.86666666666667,31.779797979798,35988.6202020202,4227.71111111111,77730.3838383838,1.96969696969697,0.105050505050505,0.125252525252525,8.29090909090909,7.1959595959596,8.76363636363636,0.0682711548265122,0.414141414141414,4.53737373737374,4.59393939393939,3.21616161616162,10.4161616161616,8.46666666666667,10.8545454545455,1.29090909090909,0.216161616161616,0.224242424242424,0.234343434343434,0.953535353535354,0.232323232323232,4.7010101010101,4.7030303030303,0.0110494237109797,0.00822772191640997,0.246464646464646,0.246464646464646,14466.5858585859,18325.0505050505,66.3333333333333,50.8202264291418,37204.1111111111,3783.77777777778,77508.3434343434,1.80808080808081,0.121297853039956,0.109119320395622,53.3535353535354,19.040404040404,53.6262626262626,0.341355774132561,0.393939393939394,5.13144819213636,5.27342821865632,2.27272727272727,10.8383838383838,7.61616161616162,10.8686868686869,2.13312797321942,0.289242598392875,0.0930082814564861,0.292929292929293,1.50505050505051,0.272727272727273,4.56565656565657,4.61616161616162,0.0552471185548987,0.0411386095820499,0.36469615830563,0.398808615568618
"25","WS",2021-08-30,16808.9171717172,11780.7737373737,4.0949494949495,39.8565656565657,39096.5474747475,3888.41212121212,66916.6505050505,0.783838383838384,0.117171717171717,0.125252525252525,1.27856110820603,21.1171717171717,1.42326650693497,0.0682711548265122,0.757575757575758,1.02628963842727,1.05468564373126,4.85858585858586,9.43838383838384,9.04848484848485,9.13737373737374,1.18787878787879,0.0578485196785749,0.103030303030303,0.0808080808080808,0.711111111111111,0.0218129039878786,27.5131313131313,27.7454545454545,0.0110494237109797,0.00822772191640997,0.155555555555556,0.0797617231137235,15246.4626262626,11905.8666666667,10.9777777777778,10.1640452858284,47026.1737373737,3876.66060606061,78791.6222222222,0.741414141414141,0.262626262626263,0.282828282828283,7.75757575757576,25.9757575757576,8.59191919191919,0.0682711548265122,0.94949494949495,1.02628963842727,1.05468564373126,11.4343434343434,9.56161616161616,8.32323232323232,10.2464646464646,1.17171717171717,0.0578485196785749,0.0909090909090909,0.103030303030303,0.814141414141414,0.0565656565656566,33.4525252525253,34.7818181818182,0.0110494237109797,0.00822772191640997,0.191919191919192,0.21010101010101,14598.1313131313,11191.5555555556,228.050505050505,50.8202264291418,48292.1717171717,3622.05050505051,71277.8383838384,0.58574752640477,0.363636363636364,0.343434343434343,68.1515151515152,35.979797979798,67.1515151515152,0.341355774132561,0.848484848484849,5.13144819213636,5.27342821865632,2.85858585858586,10.0606060606061,9.14141414141414,10.6969696969697,2.13312797321942,0.289242598392875,0.0930082814564861,0.0554177867969806,0.507804600803194,0.109064519939393,32.5656565656566,33.7070707070707,0.0552471185548987,0.0411386095820499,0.36469615830563,0.398808615568618
"26","GC",2021-08-30,19238.5474747475,14011.1858585859,0.9446181709083,30.9535353535354,33443.8626262626,3861.84848484848,68818.8080808081,1.31919191919192,0.117171717171717,0.115151515151515,1.27856110820603,21.8282828282828,1.42326650693497,0.0682711548265122,0.523232323232323,3.59191919191919,3.32121212121212,2.78787878787879,9.77373737373737,8.83030303030303,10.0121212121212,1.13737373737374,0.0578485196785749,0.117171717171717,0.212121212121212,0.878787878787879,0.0505050505050505,15.7838383838384,16.6666666666667,0.0303030303030303,0.0282828282828283,0.163636363636364,0.175757575757576,17046.2464646465,13451.1757575758,5.5979797979798,10.1640452858284,38462.9070707071,3698.50505050505,73215.0444444444,1.45454545454545,0.098989898989899,0.127272727272727,12.8424242424242,25.0626262626263,12.2585858585859,0.0682711548265122,0.511111111111111,5.55555555555556,5.96161616161616,6.86262626262626,9.87676767676768,8.88282828282828,10.5919191919192,1.03838383838384,0.0578485196785749,0.204040404040404,0.16969696969697,0.729292929292929,0.262626262626263,19.1010101010101,19.3010101010101,0.0404040404040404,0.0323232323232323,0.254545454545455,0.333333333333333,17306.2525252525,13988.8282828283,104.060606060606,50.8202264291418,41116.2828282828,3772.28282828283,75217.4242424242,1.67676767676768,0.343434343434343,0.343434343434343,91.2020202020202,36.7979797979798,91.5757575757576,0.341355774132561,1.04040404040404,5.13144819213636,5.27342821865632,5.57575757575758,9.78787878787879,7.35353535353535,11.0505050505051,2.13312797321942,0.289242598392875,0.292929292929293,0.171717171717172,0.507804600803194,0.555555555555556,18.4242424242424,18.6262626262626,0.0552471185548987,0.0411386095820499,0.777777777777778,0.888888888888889
"27","BG",2021-08-30,19261.3272727273,14350.8222222222,3.18989898989899,34.1212121212121,31487.1050505051,4068.73333333333,65901.1535353535,1.68686868686869,0.145454545454545,0.107070707070707,1.27856110820603,22.7333333333333,1.42326650693497,0.0682711548265122,0.395959595959596,3.7979797979798,3.69090909090909,1.72121212121212,10.0868686868687,9.84646464646465,10.1515151515152,1.15555555555556,0.165656565656566,0.2,0.15959595959596,0.951515151515152,0.0666666666666667,14.0040404040404,13.9676767676768,0.0303030303030303,0.0222222222222222,0.0729392316611259,0.0797617231137235,18202.9575757576,13339.1656565657,3.74949494949495,10.1640452858284,36635.8363636364,3886.08282828283,74004.7515151515,1.82828282828283,0.139393939393939,0.127272727272727,13.8161616161616,30.5393939393939,13.8646464646465,0.0682711548265122,0.501010101010101,6.3979797979798,6.73737373737374,3.40808080808081,10.6666666666667,8.94141414141414,12.5171717171717,1.1030303030303,0.0578485196785749,0.2,0.181818181818182,0.850505050505051,0.183838383838384,17.1717171717172,19.159595959596,0.0363636363636364,0.0282828282828283,0.208080808080808,0.226262626262626,19259.4646464646,14522.2626262626,115.676767676768,50.8202264291418,43979.5252525253,3957.52525252525,76578.797979798,1.77777777777778,0.484848484848485,0.404040404040404,79.969696969697,40.979797979798,84.8787878787879,0.341355774132561,0.666666666666667,10.3939393939394,5.27342821865632,3.63636363636364,10.7474747474747,9.60606060606061,11.5353535353535,2.13312797321942,0.289242598392875,0.242424242424242,0.242424242424242,0.507804600803194,0.252525252525253,16.7171717171717,16.3737373737374,0.0552471185548987,0.0411386095820499,0.36469615830563,0.398808615568618
"28","BN",2021-08-30,16979.5474747475,13181.1191919192,0.9446181709083,31.3474747474747,25250.8484848485,3328.27272727273,59504.3131313131,1.43636363636364,0.117171717171717,0.105050505050505,1.27856110820603,12.410101010101,1.42326650693497,0.0682711548265122,0.381818181818182,3.45454545454545,3.34141414141414,6.41414141414141,8.0969696969697,9.04646464646465,8.2969696969697,0.426625594643884,0.0578485196785749,0.141414141414141,0.147474747474747,0.83030303030303,0.0218129039878786,9.68686868686869,9.6969696969697,0.0222222222222222,0.00822772191640997,0.0729392316611259,0.0797617231137235,14894.6444444444,13585.5393939394,3.14747474747475,10.1640452858284,26728.4080808081,3319.62424242424,60839.9191919192,1.46666666666667,0.117171717171717,0.119191919191919,8.14343434343434,13.1313131313131,8.7010101010101,0.0682711548265122,0.325252525252525,5.33737373737374,5.37777777777778,1.71919191919192,8.78989898989899,7.87878787878788,8.7030303030303,0.426625594643884,0.0578485196785749,0.147474747474747,0.16969696969697,0.882828282828283,0.113131313131313,10.4363636363636,10.4181818181818,0.0242424242424242,0.0202020202020202,0.17979797979798,0.183838383838384,15350.4545454545,12771.3131313131,171.838383838384,50.8202264291418,31619.1414141414,3468.65656565657,70502.7474747475,1.87878787878788,0.353535353535354,0.343434343434343,156.505050505051,56.0808080808081,159.171717171717,0.341355774132561,0.444444444444444,10.5252525252525,5.27342821865632,6.17171717171717,8.71717171717172,8.26262626262626,9.87878787878788,2.13312797321942,0.289242598392875,0.0930082814564861,0.272727272727273,0.507804600803194,0.222222222222222,11.6060606060606,11.7878787878788,0.0552471185548987,0.0411386095820499,0.919191919191919,0.94949494949495
"29","DL",2021-08-30,17115.7737373737,17140.0888888889,4.3959595959596,36.2343434343434,29437.8202020202,3936.09292929293,70228.7212121212,1.64242424242424,0.137373737373737,0.129292929292929,1.27856110820603,8.66464646464646,1.42326650693497,0.0682711548265122,0.319191919191919,2.81010101010101,2.83232323232323,2.71515151515152,8.87676767676768,7.98383838383838,8.92727272727273,0.426625594643884,0.0578485196785749,0.133333333333333,0.21010101010101,0.957575757575758,0.135353535353535,6.51919191919192,6.54949494949495,0.0222222222222222,0.00822772191640997,0.161616161616162,0.163636363636364,15364.5090909091,17298.1595959596,5.55151515151515,10.1640452858284,31545.4121212121,4095.40808080808,71515.8929292929,1.66262626262626,0.145454545454545,0.145454545454545,7.82020202020202,9.67070707070707,8.71111111111111,0.0682711548265122,0.341414141414141,4.46868686868687,4.26868686868687,4.53131313131313,9.35151515151515,8.54141414141414,9.32121212121212,0.426625594643884,0.0578485196785749,0.173737373737374,0.18989898989899,1.01818181818182,0.0666666666666667,6.68484848484849,6.88080808080808,0.0222222222222222,0.0181818181818182,0.202020202020202,0.212121212121212,15240.696969697,17455.3838383838,150.444444444444,50.8202264291418,40612.2323232323,3919.40404040404,83398.2525252525,1.97979797979798,0.272727272727273,0.313131313131313,118.979797979798,36.2424242424242,124.373737373737,0.341355774132561,0.464646464646465,5.13144819213636,5.27342821865632,5.71717171717172,9.19191919191919,8.62626262626263,10.1212121212121,2.13312797321942,0.289242598392875,0.303030303030303,0.242424242424242,1.04040404040404,0.222222222222222,7.33333333333333,7.6969696969697,0.0552471185548987,0.0411386095820499,0.797979797979798,0.838383838383839
"30","GR",2021-08-30,16294.3575757576,17181.3636363636,0.9446181709083,34.6888888888889,30118.797979798,4015.09898989899,66317.6808080808,1.68282828282828,0.135353535353535,0.115151515151515,1.27856110820603,6.83030303030303,1.42326650693497,0.0682711548265122,0.387878787878788,2.90707070707071,2.87272727272727,1.67878787878788,9.18181818181818,9.21818181818182,9.18989898989899,0.876767676767677,0.0578485196785749,0.171717171717172,0.206060606060606,0.654545454545455,0.121212121212121,6.18383838383838,6.24242424242424,0.0110494237109797,0.00822772191640997,0.0729392316611259,0.0797617231137235,15209.8545454545,18569.503030303,5.14949494949495,10.1640452858284,31313.5333333333,3980.85858585859,68755.305050505,1.82828282828283,0.147474747474747,0.139393939393939,6.67676767676768,7.62222222222222,7.76767676767677,0.0682711548265122,0.363636363636364,4.41212121212121,4.27474747474748,2.85858585858586,9.59191919191919,8.99191919191919,9.43636363636364,1.0969696969697,0.153535353535354,0.171717171717172,0.232323232323232,1.03636363636364,0.141414141414141,6.45858585858586,6.47070707070707,0.0110494237109797,0.00822772191640997,0.208080808080808,0.193939393939394,14953.0606060606,15958.5858585859,171.414141414141,50.8202264291418,39233.0505050505,3629.73737373737,73066.2323232323,2.19191919191919,0.272727272727273,0.282828282828283,138.686868686869,41.3838383838384,133.737373737374,0.341355774132561,0.565656565656566,5.13144819213636,5.27342821865632,6.50505050505051,9.47474747474748,7.21212121212121,10.2424242424242,2.13312797321942,0.289242598392875,0.0930082814564861,0.252525252525253,0.507804600803194,0.222222222222222,7,7.06060606060606,0.0552471185548987,0.0411386095820499,2.48484848484848,2.80808080808081
"31","WS",2021-09-13,16982.7090909091,11669.6686868687,2.18989898989899,10.1640452858284,41771.8686868687,3867.22222222222,67123.6808080808,0.626262626262626,0.107070707070707,0.121212121212121,1.27856110820603,26.0747474747475,1.42326650693497,0.0682711548265122,0.987878787878788,1.02628963842727,1.05468564373126,2.41010101010101,8.73333333333333,7.31313131313131,8.0040404040404,1.3959595959596,0.0578485196785749,0.0828282828282828,0.096969696969697,0.775757575757576,0.0218129039878786,31.3070707070707,31.3111111111111,0.0110494237109797,0.00822772191640997,0.0729392316611259,0.0797617231137235,14678.5838383838,11597.2424242424,6.92929292929293,10.1640452858284,41320.0666666667,3823.08080808081,69630.4828282828,0.644444444444444,0.347474747474747,0.363636363636364,9.24848484848485,26.8020202020202,9.6969696969697,0.0682711548265122,0.981818181818182,1.02628963842727,1.05468564373126,3.1959595959596,8.57171717171717,7.3979797979798,8.11313131313131,1.26262626262626,0.0578485196785749,0.109090909090909,0.094949494949495,0.666666666666667,0.0218129039878786,32.189898989899,32.4969696969697,0.0110494237109797,0.00822772191640997,0.242424242424242,0.232323232323232,14455.1414141414,11892.4848484848,81.6363636363637,50.8202264291418,42210.2626262626,4576.91919191919,68527.7878787879,0.58574752640477,0.292929292929293,0.353535353535354,73.5050505050505,44.2525252525253,72.6262626262626,0.341355774132561,0.696969696969697,5.13144819213636,5.27342821865632,0.808080808080808,8.88888888888889,7.60606060606061,8.43434343434343,2.13312797321942,0.289242598392875,0.0930082814564861,0.141414141414141,0.507804600803194,0.109064519939393,32.1717171717172,31.4949494949495,0.0552471185548987,0.0411386095820499,0.36469615830563,0.398808615568618
"32","GC",2021-09-13,17355.1050505051,13491.1414141414,0.9446181709083,10.1640452858284,29412.1494949495,3455.14141414141,66886.9878787879,1.32525252525253,0.135353535353535,0.119191919191919,1.27856110820603,23.0565656565657,1.42326650693497,0.0682711548265122,0.454545454545455,3.35959595959596,3.53535353535354,3.38787878787879,8.2040404040404,7.83838383838384,8.01010101010101,1.04040404040404,0.0578485196785749,0.171717171717172,0.149494949494949,0.725252525252525,0.0686868686868687,11.8282828282828,11.3939393939394,0.0343434343434343,0.0282828282828283,0.0729392316611259,0.0797617231137235,16343.4929292929,15028.7555555556,5.04646464646465,10.1640452858284,31787.5070707071,3808.78181818182,72975.501010101,1.4020202020202,0.212121212121212,0.17979797979798,8.77171717171717,24.4484848484848,10.2626262626263,0.0682711548265122,0.822222222222222,5.26666666666667,5.01212121212121,5.4020202020202,8.30505050505051,8,8.34141414141414,0.991919191919192,0.0578485196785749,0.163636363636364,0.197979797979798,0.951515151515152,0.094949494949495,12.1474747474747,12.2868686868687,0.0323232323232323,0.0323232323232323,0.276767676767677,0.290909090909091,14971.5757575758,13360.4242424242,63.6868686868687,50.8202264291418,30995.7575757576,3385.08080808081,62685.0202020202,1.24242424242424,0.323232323232323,0.303030303030303,78.5454545454545,31.959595959596,78.6060606060606,0.341355774132561,0.575757575757576,5.13144819213636,5.27342821865632,4.95959595959596,9.15151515151515,9.13131313131313,8.88888888888889,2.13312797321942,0.289242598392875,0.252525252525253,0.181818181818182,1.53535353535354,0.109064519939393,11.7272727272727,11.6868686868687,0.0552471185548987,0.0411386095820499,0.36469615830563,0.398808615568618
"33","BG",2021-09-13,18559.5050505051,14454.7111111111,0.9446181709083,10.1640452858284,27282.5393939394,3795.58585858586,65988.5919191919,1.66464646464646,0.107070707070707,0.101010101010101,1.27856110820603,20.8747474747475,1.42326650693497,0.0682711548265122,0.444444444444444,3.21414141414141,3.16565656565657,1.92929292929293,8.51919191919192,8.65656565656566,8.9030303030303,0.894949494949495,0.0578485196785749,0.147474747474747,0.181818181818182,0.711111111111111,0.0218129039878786,9.97979797979798,9.93333333333333,0.0222222222222222,0.00822772191640997,0.0729392316611259,0.0797617231137235,17575.9777777778,14257.8202020202,6.0989898989899,10.1640452858284,29909.1090909091,3791.12323232323,69556.2464646465,1.7959595959596,0.127272727272727,0.137373737373737,10.5474747474747,21.8929292929293,11.9454545454545,0.0682711548265122,0.543434343434343,5.64242424242424,5.41818181818182,4.0949494949495,9.15151515151515,9.42020202020202,9.08484848484849,1.14545454545455,0.0578485196785749,0.149494949494949,0.163636363636364,1.01414141414141,0.0646464646464646,10.3414141414141,10.2767676767677,0.0262626262626263,0.0222222222222222,0.385858585858586,0.38989898989899,16437.9191919192,13875.0101010101,72.1818181818182,50.8202264291418,27475.6666666667,4046.18181818182,65323.8585858586,1.72727272727273,0.616161616161616,0.767676767676768,96.949494949495,28.5757575757576,82.1212121212121,0.341355774132561,1.13131313131313,5.13144819213636,5.27342821865632,3.34343434343434,10.3333333333333,8,9.18181818181818,2.13312797321942,0.289242598392875,0.252525252525253,0.242424242424242,1.03030303030303,0.109064519939393,11.8484848484848,9.93939393939394,0.0552471185548987,0.0411386095820499,0.36469615830563,0.398808615568618
"34","BN",2021-09-13,17521.1070707071,14450.501010101,0.9446181709083,10.1640452858284,26019.2080808081,3797.88282828283,59683.9373737374,1.48686868686869,0.202020202020202,0.155555555555556,1.27856110820603,7.78181818181818,1.42326650693497,0.0682711548265122,0.42020202020202,3.0020202020202,2.98787878787879,1.49090909090909,7.61818181818182,7.31717171717172,7.82828282828283,0.426625594643884,0.17979797979798,0.145454545454545,0.127272727272727,0.77979797979798,0.165656565656566,7.59191919191919,7.76767676767677,0.0110494237109797,0.00822772191640997,0.0729392316611259,0.0797617231137235,15544.1111111111,14276.5818181818,14.5616161616162,10.1640452858284,25544.4626262626,3506.70707070707,62535.5797979798,1.45454545454545,0.135353535353535,0.137373737373737,11.0383838383838,7.94747474747475,11.8424242424242,0.0682711548265122,0.383838383838384,4.75555555555556,4.57575757575758,10.420202020202,7.69090909090909,6.85656565656566,7.47070707070707,1.01616161616162,0.0578485196785749,0.149494949494949,0.183838383838384,0.777777777777778,0.0747474747474747,7.5959595959596,7.57777777777778,0.0110494237109797,0.00822772191640997,0.222222222222222,0.236363636363636,14671.9191919192,13696.0707070707,47.0606060606061,50.8202264291418,26729.5757575758,3350.64646464647,59257.7272727273,1.42424242424242,0.121297853039956,0.109119320395622,45.949494949495,17.4848484848485,46.1515151515152,0.341355774132561,0.353535353535354,5.13144819213636,5.27342821865632,0.797979797979798,9.11111111111111,8.08080808080808,8,2.13312797321942,0.289242598392875,0.0930082814564861,0.272727272727273,0.507804600803194,0.109064519939393,7.68686868686869,7.67676767676768,0.0552471185548987,0.0411386095820499,0.36469615830563,0.398808615568618
"35","DL",2021-09-13,16142.2767676768,17811.9939393939,0.9446181709083,10.1640452858284,29997.3939393939,4057.09898989899,67951.7131313131,1.56767676767677,0.153535353535354,0.113131313131313,1.27856110820603,8.88282828282828,1.42326650693497,0.0682711548265122,0.397979797979798,2.38383838383838,2.46666666666667,1.73333333333333,8.49494949494949,8.00606060606061,8.5030303030303,0.426625594643884,0.143434343434343,0.151515151515152,0.145454545454545,0.915151515151515,0.117171717171717,4.96969696969697,4.9979797979798,0.0110494237109797,0.00822772191640997,0.0729392316611259,0.0797617231137235,13576.703030303,17103.2181818182,7.14545454545455,10.1640452858284,28189.3151515152,3716.93131313131,67910.195959596,1.54747474747475,0.127272727272727,0.133333333333333,7.63636363636364,9.33939393939394,7.8020202020202,0.0682711548265122,0.36969696969697,3.6020202020202,3.81616161616162,3.63636363636364,8.56565656565657,8.32525252525253,8.64444444444445,0.901010101010101,0.0578485196785749,0.187878787878788,0.167676767676768,0.757575757575758,0.0787878787878788,5.17575757575758,4.98585858585859,0.0110494237109797,0.00822772191640997,0.228282828282828,0.24040404040404,13673.6262626263,17082.5252525253,122.868686868687,50.8202264291418,27336.8080808081,3656.81818181818,65359.4747474747,1.6969696969697,0.121297853039956,0.109119320395622,103.505050505051,28.8585858585859,100.888888888889,0.341355774132561,0.454545454545455,5.13144819213636,5.27342821865632,3.90909090909091,9.37373737373738,7.64646464646465,9.32323232323233,2.13312797321942,0.289242598392875,0.303030303030303,0.262626262626263,1.03030303030303,0.109064519939393,5,4.92929292929293,0.0552471185548987,0.0411386095820499,0.36469615830563,0.398808615568618
"36","GR",2021-09-13,16150.5292929293,18293.696969697,0.9446181709083,10.1640452858284,29505.0262626263,4077.12727272727,68645.8303030303,1.54949494949495,0.337373737373737,0.292929292929293,1.27856110820603,9.83232323232323,3.47474747474747,0.0682711548265122,0.38989898989899,2.87676767676768,2.91717171717172,2.33535353535354,8.41414141414142,7.4989898989899,8.41414141414142,0.426625594643884,0.147474747474747,0.191919191919192,0.149494949494949,0.812121212121212,0.15959595959596,4.64242424242424,4.70505050505051,0.0110494237109797,0.00822772191640997,0.0729392316611259,0.0797617231137235,13224.5333333333,17147.9393939394,21.8222222222222,10.1640452858284,29351.7717171717,3679.6202020202,67658.3858585859,1.56767676767677,0.129292929292929,0.131313131313131,8.77373737373737,9.98181818181818,8.65252525252525,0.0682711548265122,0.35959595959596,4.30909090909091,4.56363636363636,7.67878787878788,8.28888888888889,7.79191919191919,8.43838383838384,0.913131313131313,0.0578485196785749,0.167676767676768,0.167676767676768,0.905050505050505,0.119191919191919,4.86868686868687,4.62424242424242,0.0222222222222222,0.00822772191640997,0.214141414141414,0.224242424242424,12750.0404040404,16649.202020202,263.363636363636,50.8202264291418,28782.2727272727,3545.42424242424,63901.5050505051,1.64646464646465,0.353535353535354,0.414141414141414,183.343434343434,36.2020202020202,183.272727272727,0.341355774132561,0.484848484848485,5.13144819213636,5.27342821865632,8.11111111111111,8.75757575757576,7.88888888888889,8.70707070707071,2.13312797321942,0.289242598392875,0.242424242424242,0.252525252525253,0.507804600803194,0.109064519939393,4.50505050505051,4.47474747474747,0.0552471185548987,0.0411386095820499,0.929292929292929,0.919191919191919
"37","WS",2021-10-01,19325.0707070707,12841.1838383838,0.9446181709083,10.1640452858284,50611.1939393939,4666.73939393939,76609.0444444444,0.466666666666667,0.163636363636364,0.131313131313131,1.27856110820603,36.0949494949495,2.88080808080808,0.0682711548265122,0.771717171717172,1.02628963842727,1.05468564373126,25.0222222222222,5.51313131313131,5.32525252525253,5.74747474747475,0.884848484848485,0.123232323232323,0.0929292929292929,0.0747474747474747,0.850505050505051,0.0929292929292929,34.4363636363636,35.149494949495,0.0222222222222222,0.00822772191640997,0.0729392316611259,0.0797617231137235,17662.0525252525,12939.7717171717,6.3979797979798,10.1640452858284,52232.7757575758,4660.12727272727,76146.3111111111,0.468686868686869,0.149494949494949,0.147474747474747,23.210101010101,36.7030303030303,24.4282828282828,0.0682711548265122,0.862626262626263,1.02628963842727,1.05468564373126,29.8666666666667,5.88686868686869,5.46262626262626,5.94141414141414,0.888888888888889,0.145454545454545,0.0868686868686869,0.0545454545454545,0.955555555555556,0.0787878787878788,34.4929292929293,35.6787878787879,0.0222222222222222,0.00822772191640997,0.0729392316611259,0.0797617231137235,18280.303030303,13802.4343434343,51.4747474747475,50.8202264291418,55620.9090909091,5077.66666666667,78850.2525252525,0.58574752640477,0.121297853039956,0.109119320395622,76.3232323232323,58.4747474747475,77.979797979798,0.341355774132561,0.808080808080808,5.13144819213636,5.27342821865632,1.62626262626263,7.02020202020202,6.76767676767677,6.84848484848485,2.13312797321942,0.289242598392875,0.222222222222222,0.0554177867969806,0.507804600803194,0.109064519939393,35.6565656565657,35.7373737373737,0.0552471185548987,0.0411386095820499,0.36469615830563,0.398808615568618
"38","GC",2021-10-01,21349.0666666667,16135.8464646465,0.9446181709083,10.1640452858284,41451.6404040404,4434.66262626263,81310.9717171717,1.26464646464646,0.193939393939394,0.165656565656566,1.27856110820603,23.0606060606061,2.93333333333333,0.0682711548265122,0.525252525252525,2.91717171717172,3.12929292929293,8.91717171717172,6.67878787878788,6.81414141414141,7.14747474747475,0.862626262626263,0.135353535353535,0.153535353535354,0.161616161616162,0.862626262626263,0.21010101010101,16.440404040404,16.7030303030303,0.0242424242424242,0.0181818181818182,0.0729392316611259,0.0797617231137235,18785.5838383838,15542.3777777778,6,10.1640452858284,40145.0646464646,4291.49696969697,79239.1858585859,1.23636363636364,0.137373737373737,0.147474747474747,14.7515151515152,22.8,16.389898989899,0.0682711548265122,0.577777777777778,4.33737373737374,4.42626262626263,10.5939393939394,7.01414141414141,6.33737373737374,7.19191919191919,0.426625594643884,0.155555555555556,0.183838383838384,0.119191919191919,0.836363636363636,0.161616161616162,16.3232323232323,16.7535353535354,0.0303030303030303,0.0262626262626263,0.187878787878788,0.195959595959596,18477.6565656566,16231.4444444444,90.8080808080808,50.8202264291418,43049.7171717172,4604.86868686869,77106.8484848485,1.45454545454545,0.121297853039956,0.109119320395622,94.8989898989899,33.2626262626263,96.8383838383838,0.341355774132561,0.757575757575758,5.13144819213636,5.27342821865632,6.56565656565657,7.61616161616162,6.62626262626263,7.92929292929293,2.13312797321942,0.289242598392875,0.0930082814564861,0.141414141414141,0.507804600803194,0.109064519939393,16.040404040404,16.8383838383838,0.0552471185548987,0.0411386095820499,0.36469615830563,0.797979797979798
"39","BG",2021-10-01,20782.7111111111,15467.5575757576,0.9446181709083,10.1640452858284,36445.7838383838,4309.92929292929,76557.1313131313,1.63434343434343,0.333333333333333,0.325252525252525,1.27856110820603,20.8525252525253,4.06060606060606,0.0682711548265122,0.442424242424242,2.61414141414141,2.76363636363636,8.87878787878788,7.74949494949495,7.86464646464646,8.04646464646465,1.06262626262626,0.163636363636364,0.155555555555556,0.149494949494949,0.945454545454546,0.139393939393939,14.1373737373737,14.4626262626263,0.0222222222222222,0.00822772191640997,0.0729392316611259,0.0797617231137235,19802.9474747475,15906.397979798,5.9030303030303,10.1640452858284,37219.6565656566,4336.98383838384,77139.7777777778,1.62222222222222,0.119191919191919,0.117171717171717,17.2080808080808,21.749494949495,18.6040404040404,0.0682711548265122,0.438383838383838,4.78585858585859,4.91313131313131,11.4929292929293,8.12525252525253,7.66464646464647,8.28080808080808,1.08080808080808,0.181818181818182,0.177777777777778,0.16969696969697,0.915151515151515,0.121212121212121,14.5212121212121,15.0808080808081,0.0110494237109797,0.0181818181818182,0.42020202020202,0.414141414141414,18800.9696969697,15344.0909090909,34.4444444444444,50.8202264291418,38885,4631.33333333333,74474.7878787879,1.61616161616162,0.121297853039956,0.109119320395622,51.7474747474748,24.7373737373737,53.3030303030303,0.341355774132561,0.464646464646465,5.13144819213636,5.27342821865632,5.2020202020202,8.15151515151515,7.05050505050505,8.65656565656566,2.13312797321942,0.289242598392875,0.262626262626263,0.0554177867969806,0.507804600803194,0.109064519939393,14.6464646464646,14.6262626262626,0.0552471185548987,0.0411386095820499,0.36469615830563,0.398808615568618
"40","BN",2021-10-01,18547.7212121212,14676.9636363636,0.9446181709083,10.1640452858284,31105.6666666667,3795.06464646465,68804.5151515152,1.33131313131313,0.161616161616162,0.121212121212121,1.27856110820603,10.3878787878788,3.1959595959596,0.0682711548265122,0.412121212121212,2.71919191919192,2.81616161616162,12.1434343434343,6.09292929292929,6.1010101010101,6.37979797979798,0.880808080808081,0.151515151515152,0.202020202020202,0.149494949494949,0.771717171717172,0.161616161616162,10.0787878787879,10.3272727272727,0.0110494237109797,0.0181818181818182,0.0729392316611259,0.0797617231137235,16709.5515151515,14897.4888888889,6.22828282828283,10.1640452858284,31527.6202020202,3849.04646464646,68342.1616161616,1.30505050505051,0.232323232323232,0.248484848484849,11.8949494949495,10.7050505050505,13.3878787878788,0.0682711548265122,0.44040404040404,4.44646464646465,4.48080808080808,14.0585858585859,6.30505050505051,5.86666666666667,6.4040404040404,1.16363636363636,0.181818181818182,0.2,0.139393939393939,0.886868686868687,0.214141414141414,10.030303030303,10.3858585858586,0.0222222222222222,0.0181818181818182,1.14949494949495,1.0989898989899,15842.3939393939,13946.9191919192,52.4545454545455,50.8202264291418,31359.3737373737,4231.70707070707,64743.8585858586,1.35353535353535,0.444444444444444,0.464646464646465,53.949494949495,18.1919191919192,55.2626262626263,0.341355774132561,0.333333333333333,5.13144819213636,5.27342821865632,1.87878787878788,6.53535353535354,6.78787878787879,6.67676767676768,2.13312797321942,0.289242598392875,0.0930082814564861,0.0554177867969806,0.507804600803194,0.109064519939393,10.020202020202,10.1414141414141,0.0552471185548987,0.0411386095820499,0.36469615830563,0.398808615568618
"41","DL",2021-10-01,16738.2242424242,17717.8202020202,0.9446181709083,10.1640452858284,31673.3818181818,3915.28080808081,72376.5070707071,1.48282828282828,0.595959595959596,0.575757575757576,3.4020202020202,10.9818181818182,5.19393939393939,0.0682711548265122,0.391919191919192,2.08080808080808,2.17373737373737,10.210101010101,6.61818181818182,6.53737373737374,7.4020202020202,0.426625594643884,0.191919191919192,0.18989898989899,0.149494949494949,0.785858585858586,0.163636363636364,6.13737373737374,6.36161616161616,0.0110494237109797,0.00822772191640997,0.0729392316611259,0.0797617231137235,14577.6060606061,17716.2585858586,14.6929292929293,10.1640452858284,31306.6808080808,3915.64848484849,71423.402020202,1.44242424242424,0.109090909090909,0.119191919191919,11.0080808080808,11.620202020202,12.4606060606061,0.0682711548265122,0.363636363636364,3.31717171717172,3.40808080808081,15.5050505050505,7.35151515151515,6.66666666666667,7.46464646464646,1.26868686868687,0.147474747474747,0.125252525252525,0.185858585858586,0.874747474747475,0.0929292929292929,6.16969696969697,6.37777777777778,0.0110494237109797,0.00822772191640997,37.959595959596,41.7515151515152,14036.5757575758,17290.6161616162,304.808080808081,50.8202264291418,34187.2626262626,4243.0202020202,70049.4343434343,1.46464646464646,0.272727272727273,0.323232323232323,151.080808080808,38.3030303030303,146.050505050505,0.341355774132561,0.525252525252525,5.13144819213636,5.27342821865632,6.77777777777778,7.45454545454546,6.29292929292929,7.65656565656566,2.13312797321942,0.289242598392875,0.303030303030303,0.0554177867969806,0.507804600803194,0.109064519939393,5.91919191919192,6.18181818181818,0.0552471185548987,0.0411386095820499,1.01010101010101,1.02020202020202
"42","GR",2021-10-01,15750.0565656566,17672.2101010101,0.9446181709083,10.1640452858284,31483.9111111111,3865.02626262626,71541.5676767677,1.44646464646465,0.135353535353535,0.121212121212121,3.25858585858586,9.30707070707071,4.98787878787879,0.0682711548265122,0.339393939393939,1.02628963842727,1.05468564373126,10.5252525252525,6.71717171717172,6.80808080808081,7.55353535353535,0.426625594643884,0.228282828282828,0.185858585858586,0.173737373737374,0.626262626262626,0.151515151515152,5.69494949494949,5.80404040404041,0.0110494237109797,0.00822772191640997,0.0729392316611259,0.0797617231137235,14363.7515151515,17823.8484848485,12.0848484848485,10.1640452858284,32234.6383838384,3861.76363636364,71388.7494949495,1.48686868686869,0.183838383838384,0.202020202020202,13.8747474747475,10.149494949495,15.1393939393939,0.0682711548265122,0.38989898989899,3.18787878787879,3.38585858585859,14.6929292929293,7.44040404040404,6.73131313131313,7.77171717171717,0.977777777777778,0.183838383838384,0.171717171717172,0.157575757575758,0.696969696969697,0.0929292929292929,5.8949494949495,5.98383838383838,0.0110494237109797,0.00822772191640997,0.21010101010101,0.212121212121212,13479.3333333333,16700.5353535354,213.242424242424,50.8202264291418,33843.9696969697,4240.25252525253,67860.2222222222,1.68686868686869,0.484848484848485,0.404040404040404,177.191919191919,39.3030303030303,169.515151515152,0.341355774132561,0.565656565656566,5.13144819213636,5.27342821865632,8.52525252525253,7.83838383838384,7.25252525252525,7.97979797979798,2.13312797321942,0.289242598392875,0.252525252525253,0.0554177867969806,0.507804600803194,0.109064519939393,5.57575757575758,5.6969696969697,0.0552471185548987,0.0411386095820499,2.14141414141414,2.11111111111111
"43","WS",2021-10-15,21570.4303030303,13148.701010101,0.9446181709083,10.1640452858284,61610.1313131313,5447.03838383838,88125.2848484849,0.357575757575758,0.298989898989899,0.276767676767677,1.27856110820603,38.2060606060606,3.78585858585859,0.0682711548265122,0.658585858585859,1.02628963842727,1.05468564373126,3.4949494949495,5.05454545454545,5.02626262626263,5.15555555555556,1.34747474747475,0.0578485196785749,0.094949494949495,0.0888888888888889,1.10707070707071,0.0218129039878786,40.8343434343434,41.8989898989899,0.0110494237109797,0.00822772191640997,0.0729392316611259,0.0797617231137235,20645.197979798,13834.0787878788,3.89292929292929,10.1640452858284,65745.6525252525,5630.32323232323,91549.8787878788,0.393939393939394,0.135353535353535,0.151515151515152,24.7010101010101,40.2505050505051,24.559595959596,0.0682711548265122,0.802020202020202,1.02628963842727,1.05468564373126,2.52929292929293,5.62626262626263,5.21818181818182,5.69494949494949,1.24444444444444,0.187878787878788,0.139393939393939,0.094949494949495,1.05454545454545,0.0929292929292929,43.1090909090909,44.1070707070707,0.0110494237109797,0.00822772191640997,7.27272727272727,6.26868686868687,20258.2424242424,14277.1717171717,43.0808080808081,50.8202264291418,66442.5454545455,5670.77777777778,88753.4343434344,0.58574752640477,0.282828282828283,0.292929292929293,112.373737373737,60.2222222222222,107.787878787879,0.341355774132561,0.808080808080808,5.13144819213636,5.27342821865632,1.61616161616162,6.17171717171717,6.32323232323232,6.78787878787879,2.13312797321942,0.289242598392875,0.0930082814564861,0.0554177867969806,1.19191919191919,0.109064519939393,41.969696969697,43.2828282828283,0.0552471185548987,0.0411386095820499,0.36469615830563,0.398808615568618
"44","GC",2021-10-15,19753.7939393939,13953.7797979798,0.9446181709083,10.1640452858284,46430.0060606061,4398.4101010101,82034.5191919192,1.02626262626263,0.139393939393939,0.137373737373737,3.53737373737374,15.3030303030303,5.52929292929293,0.0682711548265122,0.521212121212121,2.47878787878788,2.66464646464646,7.77575757575758,5.21616161616162,4.87676767676768,5.45252525252525,1.29090909090909,0.195959595959596,0.163636363636364,0.145454545454545,0.898989898989899,0.111111111111111,21.9232323232323,22.7414141414141,0.0282828282828283,0.0262626262626263,0.0729392316611259,0.0797617231137235,19454.3656565657,15493.1696969697,22.7373737373737,10.1640452858284,48771.6565656566,4537.02424242424,84349.2282828283,1.14747474747475,0.161616161616162,0.173737373737374,37.9373737373737,16.6363636363636,37.9333333333333,0.0682711548265122,0.571717171717172,4.05656565656566,4.2989898989899,10.0565656565657,5.80404040404041,5.43030303030303,5.84242424242424,1.3959595959596,0.274747474747475,0.202020202020202,0.202020202020202,1.01212121212121,0.0626262626262626,23.0929292929293,23.6505050505051,0.0303030303030303,0.0242424242424242,0.183838383838384,0.15959595959596,18386.2222222222,14837.9090909091,148.686868686869,50.8202264291418,49410.8686868687,4963.29292929293,81729.1919191919,1.28282828282828,0.121297853039956,0.515151515151515,173.343434343434,38.5454545454545,161.565656565657,0.341355774132561,0.565656565656566,11.3030303030303,11.5757575757576,7.4040404040404,6.4949494949495,6.35353535353535,7.07070707070707,2.13312797321942,0.289242598392875,0.313131313131313,0.0554177867969806,0.507804600803194,0.109064519939393,23.2525252525253,23.7474747474748,0.0552471185548987,0.0411386095820499,1.24242424242424,1.24242424242424
"45","BG",2021-10-15,20539.7777777778,14412.0505050505,2.86262626262626,10.1640452858284,44867.6202020202,4599.46868686869,81071.2121212121,1.32929292929293,0.206060606060606,0.161616161616162,1.27856110820603,15.8767676767677,3.72323232323232,0.0682711548265122,0.517171717171717,2.33131313131313,2.50505050505051,6.98181818181818,6.61010101010101,5.88888888888889,6.55757575757576,1.2,0.246464646464646,0.163636363636364,0.135353535353535,1.01010101010101,0.141414141414141,20.1939393939394,21.0181818181818,0.0110494237109797,0.00822772191640997,0.0729392316611259,0.0797617231137235,NA,NA,NA,NA,NA,NA,NA,NA,NA,NA,NA,NA,NA,NA,NA,NA,NA,NA,NA,NA,NA,NA,NA,NA,NA,NA,NA,NA,NA,NA,NA,NA,NA,18520.9797979798,14034.0808080808,59.9090909090909,50.8202264291418,44684.4545454546,4688.93939393939,79429.5050505051,1.39393939393939,0.121297853039956,0.109119320395622,82.9191919191919,26.1212121212121,77.5252525252525,0.341355774132561,0.545454545454546,5.13144819213636,5.27342821865632,2.78787878787879,7.33333333333333,6.74747474747475,7.35353535353535,2.13312797321942,0.289242598392875,0.191919191919192,0.0554177867969806,0.507804600803194,0.109064519939393,20.7979797979798,21.1414141414141,0.0552471185548987,0.0411386095820499,0.36469615830563,0.398808615568618
"46","BN",2021-10-15,17537.8424242424,13160.2161616162,25.8565656565657,10.1640452858284,35970.802020202,3909.88686868687,72439.1777777778,1.11717171717172,0.23030303030303,0.226262626262626,1.27856110820603,8.82626262626263,2.9959595959596,0.0682711548265122,0.385858585858586,1.02628963842727,2.19191919191919,5.73333333333333,5.13939393939394,4.93333333333333,5.24444444444445,1.4040404040404,0.141414141414141,0.163636363636364,0.125252525252525,0.868686868686869,0.202020202020202,14.2121212121212,14.6444444444444,0.0222222222222222,0.0181818181818182,0.0729392316611259,0.0797617231137235,16369.103030303,14049.395959596,9.76767676767677,10.1640452858284,36802.5737373737,3950.88484848485,73562.0060606061,1.16767676767677,0.222222222222222,0.258585858585859,16.1111111111111,9.55757575757576,16.820202020202,0.0682711548265122,0.474747474747475,4.77373737373737,4.87070707070707,8.33333333333333,5.30909090909091,5.31111111111111,5.56565656565657,0.426625594643884,0.143434343434343,0.167676767676768,0.133333333333333,0.781818181818182,0.105050505050505,14.9111111111111,15.2828282828283,0.0262626262626263,0.00822772191640997,0.175757575757576,0.181818181818182,15879.9292929293,13058.1313131313,96.4545454545455,50.8202264291418,37657.3333333333,4074.42424242424,69453.4848484849,1.17171717171717,0.313131313131313,0.343434343434343,91.6464646464647,23.4242424242424,84.9191919191919,0.341355774132561,0.565656565656566,5.13144819213636,5.27342821865632,2.56565656565657,6.01010101010101,5.51515151515152,5.93939393939394,7.92929292929293,0.289242598392875,0.191919191919192,0.0554177867969806,1.66666666666667,0.109064519939393,14.3434343434343,15,0.0552471185548987,0.0411386095820499,0.36469615830563,0.398808615568618
"47","DL",2021-10-15,13955.9151515152,14701.1131313131,0.9446181709083,10.1640452858284,28855.9252525253,3327.36767676768,68058.397979798,1.24444444444444,0.208080808080808,0.173737373737374,1.27856110820603,9.24646464646465,1.42326650693497,0.0682711548265122,0.355555555555556,1.02628963842727,1.05468564373126,4.28080808080808,5.61616161616162,5.76161616161616,5.78383838383838,1.1030303030303,0.286868686868687,0.153535353535354,0.143434343434343,0.739393939393939,0.18989898989899,6.28484848484849,6.44848484848485,0.0110494237109797,0.00822772191640997,0.0729392316611259,0.0797617231137235,12725.2606060606,15440.1070707071,10.8606060606061,10.1640452858284,29330.0565656566,3508.92121212121,68798.8363636364,1.28686868686869,0.264646464646465,0.286868686868687,14.369696969697,10.8929292929293,15.3777777777778,0.0682711548265122,0.674747474747475,2.81818181818182,2.94343434343434,6.51717171717172,5.87676767676768,5.47676767676768,6.42020202020202,1.08080808080808,0.290909090909091,0.161616161616162,0.135353535353535,0.739393939393939,0.0218129039878786,6.46464646464647,7.0969696969697,0.0110494237109797,0.00822772191640997,0.480808080808081,0.460606060606061,12987.9595959596,15209.9494949495,310.333333333333,50.8202264291418,32548.2525252525,4073.22222222222,67184.202020202,1.53535353535354,0.343434343434343,0.343434343434343,259.69696969697,52.5252525252525,238.969696969697,0.341355774132561,0.494949494949495,5.13144819213636,5.27342821865632,10.9090909090909,6.5959595959596,6.47474747474748,6.72727272727273,2.13312797321942,0.289242598392875,0.232323232323232,0.0554177867969806,0.507804600803194,0.109064519939393,6.46464646464647,6.74747474747475,0.0552471185548987,0.0411386095820499,1.80808080808081,1.71717171717172
"48","GR",2021-10-15,13259.9090909091,14585.5070707071,0.9446181709083,10.1640452858284,28192.797979798,3228.91313131313,66484.4101010101,1.18383838383838,0.147474747474747,0.113131313131313,2.91313131313131,8.08686868686869,4.37171717171717,0.0682711548265122,0.244444444444444,1.02628963842727,1.05468564373126,6.17979797979798,5.87676767676768,5.57979797979798,6.03838383838384,0.426625594643884,0.0578485196785749,0.145454545454545,0.107070707070707,0.785858585858586,0.191919191919192,5.32323232323232,5.58989898989899,0.0110494237109797,0.00822772191640997,0.0729392316611259,0.0797617231137235,11298.9636363636,14631.6161616162,10.8707070707071,10.1640452858284,27218.1373737374,3307.59595959596,65079.8686868687,1.21010101010101,0.0909090909090909,0.105050505050505,13.0646464646465,8.86666666666667,13.3575757575758,0.0682711548265122,0.323232323232323,2.66060606060606,2.78989898989899,7.7979797979798,6.02222222222222,5.51111111111111,6.17979797979798,0.98989898989899,0.214141414141414,0.137373737373737,0.153535353535354,0.971717171717172,0.167676767676768,5.46060606060606,5.69494949494949,0.0110494237109797,0.00822772191640997,0.151515151515152,0.0797617231137235,12142.0707070707,15151.9191919192,423.686868686869,50.8202264291418,32264.4848484849,4024.15151515152,66885.8181818182,1.73737373737374,0.434343434343434,0.474747474747475,343.151515151515,57.7474747474747,316.555555555556,0.341355774132561,0.585858585858586,10.3939393939394,11.0505050505051,17.1717171717172,6.32323232323232,6.07070707070707,7.07070707070707,2.13312797321942,0.289242598392875,0.0930082814564861,0.111111111111111,0.507804600803194,0.109064519939393,5.68686868686869,5.64646464646465,0.0552471185548987,0.0411386095820499,1.86868686868687,2.08080808080808
