,site,date,UF_Na,UF_Mg,UF_Al,UF_P,UF_S,UF_K,UF_Ca,UF_V,UF_Cr_KED,UF_Cr_NH3,UF_Fe_NH3,UF_Mn,UF_Fe_KED,UF_Co,UF_Ni,UF_Cu_KED,UF_Cu_NH3,UF_Zn,UF_As_STD,UF_As_KED,UF_As_Oshift,UF_Se..77..77.77..ppb.,UF_Se77_Oshift,UF_Se78_Oshift,UF_Se80_Oshift,UF_Se..82..82.82..ppb.,UF_Se82_Oshift,UF_Mo_NH3,UF_Mo_Oshift,UF_Cd111,UF_Cd114,UF_Pb_STD,UF_Pb_NH3,F_Na,F_Mg,F_Al,F_P,F_S,F_K,F_Ca,F_V,F_Cr_KED,F_Cr_NH3,F_Fe_NH3,F_Mn,F_Fe_KED,F_Co,F_Ni,F_Cu_KED,F_Cu_NH3,F_Zn,F_As_STD,F_As_KED,F_As_Oshift,F_Se..77..77.77..ppb.,F_Se77_Oshift,F_Se78_Oshift,F_Se80_Oshift,F_Se..82..82.82..ppb.,F_Se82_Oshift,F_Mo_NH3,F_Mo_Oshift,F_Cd111,F_Cd114,F_Pb_STD,F_Pb_NH3,W_Na,W_Mg,W_Al,W_P,W_S,W_K,W_Ca,W_V,W_Cr_KED,W_Cr_NH3,W_Fe_NH3,W_Mn,W_Fe_KED,W_Co,W_Ni,W_Cu_KED,W_Cu_NH3,W_Zn,W_As_STD,W_As_KED,W_As_Oshift,W_Se..77..77.77..ppb.,W_Se77_Oshift,W_Se78_Oshift,W_Se80_Oshift,W_Se..82..82.82..ppb.,W_Se82_Oshift,W_Mo_NH3,W_Mo_Oshift,W_Cd111,W_Cd114,W_Pb_STD,W_Pb_NH3
1,WS,6/21/2021,8221.153535,5815.781818,4.731313131,52.27474747,14917.33939,1825.284848,31520.25657,0.593939394,0.098989899,0.133333333,1.218874063,67.45656566,1.364188275,0.065677402,0.313131313,2.042424242,3.288888889,1.363636364,11.25050505,6.913131313,10.92929293,0.433699895,0.055646451,0.044444444,0.105050505,0.446464646,0.084848485,17.57171717,17.08888889,0.010636193,0.018181818,0.15959596,0.163636364,10777.1899,8709.385859,12.65050505,69.5959596,25272.66465,2767.682828,48149.22222,0.703030303,0.111111111,0.098989899,23.81616162,72.02828283,24.67474747,0.065677402,0.563636364,4.58989899,4.575757576,2.575757576,11.94545455,9.987878788,12.00606061,0.433699895,0.055646451,0.111111111,0.127272727,0.484848485,0.062626263,17.61616162,18.64444444,0.010636193,0.02020202,0.22020202,0.226262626,11305.58586,8934.949495,102.0606061,49.64032951,30712.87879,3428.868687,50014.60606,1.434343434,0.131217012,0.242424242,116.0707071,82.62626263,116.3131313,0.32838701,0.757575758,4.951587001,5.087890009,1.666666667,13.50505051,10.65656566,12.90909091,2.168499474,0.278232254,0.089658949,0.151515152,0.481429161,0.112595629,19.63636364,18.97979798,0.053180963,0.039323993,0.356150362,0.390131458
2,GC,6/21/2021,14494.53939,10128.50505,3.424242424,31.43838384,22463.10303,2921.892929,49979.47879,1.349494949,0.101010101,0.111111111,1.218874063,27.15757576,1.364188275,0.065677402,0.41010101,4.690909091,4.872727273,1.422222222,10.88686869,9.448484848,11.44646465,0.433699895,0.055646451,0.115151515,0.123232323,0.571717172,0.133333333,12.44646465,12.51515152,0.022222222,0.026262626,0.147474747,0.078026292,13784.20606,10670.28283,13.52929293,32.16767677,23945.68081,2958.313131,52941.53333,1.347474747,0.109090909,0.115151515,19.02222222,28.41010101,20.08282828,0.065677402,0.519191919,8.632323232,8.103030303,3.402020202,13.52121212,10.63232323,11.52323232,1.183838384,0.234343434,0.105050505,0.119191919,0.581818182,0.137373737,12.91717172,12.76363636,0.03030303,0.032323232,0.319191919,0.280808081,14556.60606,10918.51515,137.6565657,49.64032951,31746.45455,3909.838384,54436.67677,2.212121212,0.131217012,0.252525253,133.6666667,40.17171717,135.010101,0.32838701,0.555555556,13.76767677,14.03030303,4.878787879,13.27272727,13.12121212,12.81818182,2.168499474,0.278232254,0.089658949,0.121212121,1.171717172,0.112595629,13.09090909,12.87878788,0.053180963,0.039323993,1.03030303,1.04040404
3,BG,6/21/2021,17812.13131,12352.32323,3.022222222,38.31515152,22371.86667,3244.979798,56078.1596,1.997979798,0.105050505,0.092929293,1.218874063,31.74141414,1.364188275,0.065677402,0.456565657,8.234343434,8.278787879,2.753535354,10.9959596,10.48484848,11.07878788,0.433699895,0.055646451,0.078787879,0.129292929,0.571717172,0.167676768,11.22626263,10.84242424,0.032323232,0.028282828,0.157575758,0.161616162,16886.66465,13010.79798,7.393939394,42.86464646,25004.20606,3405.723232,58857.95556,1.842424242,0.117171717,0.103030303,54.74343434,34.23636364,55.44040404,0.065677402,0.565656566,9.181818182,9.319191919,3.573737374,11.83434343,11.95555556,12.04242424,0.433699895,0.133333333,0.18989899,0.141414141,0.622222222,0.139393939,12.07474747,11.72121212,0.038383838,0.04040404,0.290909091,0.305050505,16701.09091,11881.39394,130.4242424,49.64032951,28364.88889,4441.060606,59098.23232,2.747474747,0.343434343,0.363636364,131.1616162,47.14141414,128.3636364,0.32838701,0.444444444,13.41414141,13.90909091,5.575757576,12.67676768,10.5959596,12.84848485,2.168499474,0.278232254,0.089658949,0.054204449,0.481429161,0.112595629,11.62626263,11.47474747,0.053180963,0.039323993,1.070707071,1.262626263
4,BN,6/21/2021,13682.72121,11002.19798,2.854545455,45.17373737,16282.6,2706.646465,47860.89293,1.503030303,0.082828283,0.076767677,1.218874063,18.95555556,1.364188275,0.065677402,0.37979798,4.61010101,4.648484848,1.717171717,8.092929293,7.642424242,7.991919192,0.433699895,0.055646451,0.127272727,0.096969697,0.496969697,0.084848485,6.276767677,6.072727273,0.022222222,0.026262626,0.16969697,0.167676768,13672.11313,12533.95354,10.86262626,46.57575758,19403.7596,3001.256566,54882.01818,1.602020202,0.18989899,0.183838384,23.42828283,21.73535354,25.32525253,0.065677402,0.567676768,21.55757576,20.48282828,8.226262626,8.822222222,7.901010101,8.872727273,0.433699895,0.055646451,0.109090909,0.145454545,0.521212121,0.088888889,6.751515152,6.707070707,0.026262626,0.034343434,0.298989899,0.303030303,12936.18182,11516.74747,188.4646465,49.64032951,23997.35354,3626.515152,52640.61616,2.222222222,0.131217012,0.252525253,156.6363636,38.77777778,155.4343434,0.32838701,0.424242424,12.21212121,12.37373737,4.909090909,9.282828283,7.474747475,9.939393939,2.168499474,0.278232254,0.089658949,0.054204449,0.481429161,0.112595629,6.707070707,7.121212121,0.053180963,0.039323993,0.96969697,1.03030303
5,DL,6/21/2021,14866.82626,14117.81212,1.828282828,49.57575758,22822.15758,3265.579798,59987.40606,1.915151515,0.133333333,0.098989899,1.218874063,16.25656566,1.364188275,0.065677402,0.480808081,4.696969697,4.727272727,1.034343434,9.109090909,7.75959596,9.171717172,0.433699895,0.055646451,0.197979798,0.137373737,0.547474747,0.125252525,5.551515152,5.341414141,0.026262626,0.028282828,0.151515152,0.15959596,12904.51919,14435.39394,10.59393939,54.63636364,23872.66263,3354.323232,62509.88687,1.773737374,0.139393939,0.119191919,14.46262626,19.8989899,15.04242424,0.065677402,0.587878788,7.787878788,7.795959596,2.868686869,9.531313131,8.034343434,10.85656566,0.433699895,0.151515152,0.214141414,0.18989899,0.733333333,0.171717172,5.725252525,6.337373737,0.032323232,0.032323232,0.260606061,0.280808081,15212.48485,15734.23232,193.010101,49.64032951,37362.90909,4523.383838,71500.29293,2.767676768,0.303030303,0.292929293,127.5959596,29.68686869,141.5555556,0.32838701,0.474747475,18.49494949,16.85858586,7.707070707,10.36363636,9.828282828,10.23232323,2.168499474,0.278232254,0.089658949,0.171717172,0.481429161,0.112595629,5.626262626,5.636363636,0.053180963,0.039323993,0.858585859,0.838383838
6,GR,6/21/2021,14386.38182,14490.09697,8.044444444,49.37575758,21155.73131,3173.789899,58558.30505,1.747474747,0.098989899,0.092929293,1.218874063,13.58383838,1.364188275,0.065677402,0.282828283,4.513131313,4.674747475,1.177777778,9.014141414,8.397979798,9.129292929,0.433699895,0.055646451,0.113131313,0.125252525,0.650505051,0.173737374,5.042424242,4.874747475,0.024242424,0.026262626,0.149494949,0.163636364,12819.63232,15171.14545,15.3979798,54.48686869,23883.03434,3298.486869,62146.99798,1.826262626,0.094949495,0.111111111,14.26464646,15.90505051,14.91515152,0.065677402,0.363636364,8.42020202,8.507070707,4.076767677,10.28080808,9.113131313,10.4969697,0.433699895,0.157575758,0.163636364,0.171717172,0.614141414,0.202020202,5.525252525,5.577777778,0.034343434,0.034343434,0.290909091,0.288888889,13365.16162,15060.20202,164.3030303,49.64032951,28043.24242,3960.545455,62887.47475,2.676767677,0.131217012,0.11823354,120.6666667,30.63636364,121.969697,0.32838701,0.525252525,10.72727273,10.68686869,5.919191919,10.37373737,10.14141414,10.56565657,2.168499474,0.278232254,0.089658949,0.054204449,0.481429161,0.112595629,5.363636364,5.373737374,0.053180963,0.039323993,0.858585859,0.898989899
7,WS,7/6/2021,18173.17576,12875.14343,13.67070707,56.08888889,38950.88081,3772.167677,69916.86869,0.975757576,0.123232323,0.125252525,1.218874063,44.32525253,1.364188275,0.065677402,0.737373737,7.705050505,7.715151515,3.939393939,10.51111111,9.256565657,10.82020202,0.433699895,0.055646451,0.072727273,0.086868687,0.57979798,0.094949495,25.44444444,25.25252525,0.010636193,0.022222222,0.071230072,0.078026292,14536.91313,11191.99394,13.38585859,30.26060606,38442.18586,3443.838384,62200.23232,0.812121212,0.16969697,0.197979798,16.14343434,42.19393939,16.53737374,0.065677402,0.822222222,2.363636364,2.426262626,1.793939394,10.24444444,9.367676768,10.46464646,0.433699895,0.055646451,0.137373737,0.113131313,0.622222222,0.076767677,24.84444444,24.44646465,0.010636193,0.024242424,0.071230072,0.078026292,11857.0202,12200.67677,50.3030303,49.64032951,32776.25253,2929.272727,62923.38384,0.565432465,0.262626263,0.11823354,43.55555556,33.62626263,47.68686869,0.32838701,0.656565657,4.951587001,5.087890009,1.757575758,11.5959596,8.98989899,10.29292929,2.168499474,0.278232254,0.089658949,0.171717172,1.070707071,0.112595629,17.1010101,17.24242424,0.053180963,0.039323993,0.356150362,0.390131458
8,GC,7/6/2021,20216.56566,12885.67071,2.315151515,29.10505051,28845.47273,3787.745455,63942.02626,1.777777778,0.131313131,0.129292929,1.218874063,36.34949495,1.364188275,0.065677402,0.432323232,3.117171717,3.185858586,2.680808081,12.87272727,11.31111111,11.4040404,0.433699895,0.055646451,0.151515152,0.151515152,0.868686869,0.105050505,13.1030303,12.25858586,0.032323232,0.034343434,0.234343434,0.228282828,17224.21212,12379.28485,8.486868687,9.928065902,27726.18586,3590.783838,63398.33131,1.664646465,0.107070707,0.127272727,14.81212121,40.30909091,14.68080808,0.065677402,0.448484848,6.307070707,6.517171717,8.03030303,12.94747475,11.20606061,12.78585859,0.433699895,0.055646451,0.208080808,0.157575758,0.824242424,0.113131313,14.29292929,13.93535354,0.036363636,0.038383838,0.535353535,0.509090909,17515.45455,13007.36364,116.6161616,49.64032951,24427.52525,3829.919192,65259.93939,1.818181818,0.363636364,0.333333333,119.2828283,56.72727273,121.7070707,0.32838701,0.262626263,12.51515152,12.02020202,5.696969697,13.37373737,10.51515152,12.62626263,2.168499474,0.278232254,0.089658949,0.353535354,1.454545455,0.505050505,8.222222222,7.929292929,0.053180963,0.039323993,1.131313131,0.888888889
9,BG,7/6/2021,22504.10707,14323.60202,2.315151515,21.99191919,24940.06667,3996.018182,64542.17778,2.325252525,1.573737374,1.482828283,13.5959596,44.33333333,14.9030303,0.065677402,0.458585859,3.997979798,3.929292929,2.688888889,13.56565657,12.8020202,13.4969697,0.433699895,0.129292929,0.16969697,0.145454545,0.856565657,0.127272727,10.08686869,9.842424242,0.036363636,0.036363636,0.071230072,0.078026292,19443.14545,13835.56162,10.24242424,40.51111111,24749.43232,3900.353535,62357.06061,2.276767677,0.113131313,0.121212121,17.68080808,45.98383838,18.32525253,0.065677402,0.37979798,7.349494949,7.654545455,4.581818182,14.03838384,12.96969697,13.98989899,0.433699895,0.055646451,0.185858586,0.175757576,0.735353535,0.119191919,10.58787879,10.18989899,0.042424242,0.04040404,0.652525253,0.705050505,20536.36364,13273.14141,71.04040404,49.64032951,24738.31313,4245.444444,64011.09091,1.848484848,0.353535354,0.393939394,79.38383838,57.21212121,85.78787879,0.32838701,0.353535354,4.951587001,5.087890009,3.868686869,14.3030303,9.929292929,12.76767677,2.168499474,0.278232254,0.282828283,0.272727273,1.95959596,0.323232323,7.808080808,8.090909091,0.053180963,0.039323993,0.356150362,0.390131458
10,BN,7/6/2021,17462.72929,13171.35152,1.818181818,23.98989899,19037.08687,3390.410101,57561.88889,1.951515152,0.131313131,0.125252525,1.218874063,18.98383838,1.364188275,0.065677402,0.333333333,3.042424242,2.951515152,1.664646465,10.18181818,9.307070707,10.18989899,0.433699895,0.055646451,0.143434343,0.139393939,0.703030303,0.058585859,6.414141414,6.202020202,0.026262626,0.026262626,0.357575758,0.387878788,15231.44646,12700.97576,19.49292929,40.91313131,19959.76364,3226.678788,60380.45859,1.987878788,0.125252525,0.125252525,14.73737374,20.57979798,15.55555556,0.065677402,0.408080808,6.654545455,6.418181818,3.042424242,11.06868687,10.03838384,10.92323232,0.433699895,0.151515152,0.141414141,0.135353535,0.55959596,0.111111111,6.995959596,6.634343434,0.032323232,0.034343434,1.129292929,1.193939394,12858.49495,11487.76768,93.18181818,49.64032951,16365.92929,2941.737374,49754.12121,1.494949495,0.282828283,0.373737374,88.63636364,38.62626263,89.32323232,0.32838701,0.343434343,4.951587001,5.087890009,3.767676768,9.909090909,7.656565657,9.222222222,2.168499474,0.278232254,0.089658949,0.171717172,0.481429161,0.232323232,4.929292929,5.04040404,0.053180963,0.039323993,0.356150362,0.390131458
11,DL,7/6/2021,16744.12323,16564.44646,2.404040404,9.928065902,27672.14545,3926.220202,68361.02222,2.137373737,0.111111111,0.105050505,1.218874063,11.45454545,1.364188275,0.065677402,0.361616162,3.153535354,3.16969697,1.602020202,11.11313131,9.8,11.23030303,0.433699895,0.157575758,0.177777778,0.171717172,0.836363636,0.15959596,4.983838384,5.066666667,0.03030303,0.03030303,0.232323232,0.260606061,14976.88283,16923.11111,11.61414141,41.20808081,28916.53939,4029.393939,72368.25657,2.02020202,0.123232323,0.2,14.01212121,13.02626263,11.94747475,0.065677402,0.424242424,6.535353535,8.139393939,3.395959596,11.94141414,11.11919192,11.91919192,0.433699895,0.193939394,0.16969697,0.195959596,0.923232323,0.151515152,6.723232323,5.288888889,0.038383838,0.032323232,0.694949495,0.741414141,13113.31313,15756.30303,114.3434343,49.64032951,25375.74747,3838.828283,63268.9798,1.686868687,1.050505051,1.02020202,100.1010101,47.5959596,97.22222222,0.32838701,0.393939394,4.951587001,5.087890009,4.646464646,10.91919192,6.98989899,9.777777778,2.168499474,0.278232254,0.202020202,0.252525253,1.98989899,0.272727273,4.191919192,4.04040404,0.053180963,0.039323993,0.356150362,0.390131458
12,GR,7/6/2021,16048.53535,16479.36566,2.428282828,9.928065902,28163.91111,3877.694949,67033.42424,2.048484848,0.141414141,0.135353535,1.218874063,3.531313131,1.364188275,0.065677402,0.337373737,3.698989899,3.729292929,1.335353535,12.47272727,9.422222222,10.91515152,0.909090909,0.055646451,0.129292929,0.171717172,0.797979798,0.208080808,5.343434343,5.212121212,0.026262626,0.026262626,0.305050505,0.280808081,14425.59394,16983.94343,8.321212121,33.77979798,29001.22828,3851.115152,67915.14141,2.02020202,0.111111111,0.125252525,7.96969697,4.331313131,8.725252525,0.065677402,0.351515152,6.448484848,6.448484848,2.149494949,11.29090909,10.48080808,11.51919192,0.433699895,0.145454545,0.161616162,0.177777778,0.812121212,0.185858586,5.604040404,5.375757576,0.026262626,0.03030303,0.395959596,0.424242424,12897.37374,16971.11111,34.64646465,49.64032951,28068.10101,3928.949495,64551.13131,1.313131313,0.363636364,0.313131313,25.04040404,14.88888889,25.39393939,0.32838701,0.404040404,4.951587001,5.087890009,1.242424242,10.32323232,7.333333333,9.909090909,2.168499474,0.278232254,0.303030303,0.252525253,0.481429161,0.323232323,3.929292929,4.04040404,0.053180963,0.039323993,0.356150362,0.390131458
13,WS,8/2/2021,11116.5899,11142.21414,3.086868687,9.928065902,24907.78182,2461.634343,57413.05455,0.8,0.125252525,0.119191919,1.218874063,30.68282828,1.364188275,0.065677402,0.484848485,0.9903174,1.017578002,2.933333333,8.745454545,7.525252525,8.848484848,0.433699895,0.055646451,0.101010101,0.096969697,0.614141414,0.070707071,10.50707071,10.6989899,0.010636193,0.007864799,0.071230072,0.078026292,9682.418182,12312.47475,5.713131313,9.928065902,28903.95152,2497.991919,62224.02626,0.771717172,0.105050505,0.096969697,13.21010101,34.15959596,14.02222222,0.065677402,0.595959596,2.525252525,2.537373737,3.868686869,9.244444444,7.983838384,9.97979798,0.433699895,0.055646451,0.131313131,0.115151515,0.658585859,0.147474747,12.07878788,12.25050505,0.010636193,0.016161616,0.071230072,0.078026292,9716,12109.38384,83.3030303,49.64032951,33960.9899,2816.151515,61562.56566,0.565432465,0.363636364,0.323232323,80.53535354,52.29292929,82.92929293,0.32838701,1,4.951587001,5.087890009,1.404040404,10.52525253,7.767676768,10.64646465,2.168499474,0.278232254,0.089658949,0.171717172,0.481429161,0.112595629,11.7979798,12.13131313,0.053180963,0.039323993,0.356150362,0.390131458
14,GC,8/2/2021,21562.75354,14127.48687,0.906263092,9.928065902,24575.81414,4233.341414,70691.31717,2.038383838,0.202020202,0.181818182,1.218874063,27.82626263,1.364188275,0.065677402,0.424242424,4.351515152,4.416161616,4.624242424,11.72121212,9.743434343,12.3959596,0.433699895,0.181818182,0.224242424,0.238383838,0.808080808,0.234343434,6.977777778,7.024242424,0.036363636,0.032323232,0.071230072,0.078026292,19940.13333,15110.05051,3.832323232,9.928065902,27636.07071,4504.446465,75944.19394,1.995959596,0.84040404,0.878787879,20.77373737,27.72929293,21.15555556,0.065677402,0.545454545,8.141414141,8.256565657,7.066666667,12.55555556,11.16767677,12.03434343,0.433699895,0.23030303,0.238383838,0.2,1.048484848,0.286868687,7.434343434,6.882828283,0.04040404,0.036363636,0.191919192,0.191919192,19764.15152,14562.50505,145.4444444,49.64032951,31793.06061,5048.050505,76458.18182,2.383838384,0.555555556,0.505050505,157.6767677,63.17171717,164.8989899,0.32838701,0.494949495,16.06060606,15.27272727,10.19191919,13.61616162,12.61616162,13.93939394,2.168499474,0.278232254,0.242424242,0.252525253,1.050505051,0.373737374,7.393939394,7.313131313,0.053180963,0.039323993,1.303030303,1.323232323
15,BG,8/2/2021,23260.70101,14256.59394,0.906263092,9.928065902,21476.12121,4778.044444,65801.51313,2.757575758,0.343434343,0.309090909,1.218874063,27.83030303,2.783838384,0.065677402,0.371717172,4.296969697,4.296969697,1.892929293,13.12727273,11.75151515,13.81818182,0.433699895,0.125252525,0.238383838,0.254545455,1.080808081,0.208080808,5.763636364,5.862626263,0.026262626,0.022222222,0.071230072,0.078026292,23231.42828,15141.89697,5.757575758,9.928065902,23788.54747,5332.012121,72763.4101,2.854545455,0.256565657,0.264646465,12.40808081,29.94545455,13.6040404,0.065677402,0.43030303,8.763636364,8.541414141,4.474747475,14.16161616,12.86464646,14.1030303,0.876767677,0.131313131,0.258585859,0.193939394,1.218181818,0.195959596,6.484848485,6.268686869,0.024242424,0.026262626,0.197979798,0.206060606,21989.77778,14374.65657,75.26262626,49.64032951,26900.66667,4570.89899,70946.9697,2.868686869,0.767676768,0.777777778,111.1313131,78.50505051,107.7878788,0.32838701,0.575757576,13.09090909,13.37373737,5.838383838,15.37373737,12.61616162,15.49494949,2.168499474,0.278232254,0.373737374,0.313131313,0.98989899,0.292929293,6.454545455,6.171717172,0.053180963,0.039323993,0.717171717,0.390131458
16,BN,8/2/2021,17068.09697,12880.85051,0.906263092,9.928065902,17352.43838,3711.888889,56660.12323,1.941414141,0.177777778,0.149494949,1.218874063,13.54141414,1.364188275,0.065677402,0.341414141,2.967676768,2.995959596,1.555555556,9.345454545,7.856565657,9.721212121,0.433699895,0.137373737,0.181818182,0.16969697,0.656565657,0.212121212,3.985858586,4.03030303,0.010636193,0.018181818,0.071230072,0.078026292,15627.8303,13631.9596,4.694949495,9.928065902,19760.43232,4091.333333,63002.44242,2.096969697,0.276767677,0.24040404,10.76969697,15.84444444,11.81010101,0.065677402,0.395959596,6.812121212,6.442424242,3.032323232,10.16969697,9.101010101,10.68080808,0.433699895,0.055646451,0.15959596,0.173737374,0.707070707,0.173737374,4.531313131,4.587878788,0.024242424,0.026262626,0.428282828,0.450505051,15125.71717,12944.54545,68.28282828,49.64032951,21639.77778,3613.343434,62324.81818,1.919191919,0.272727273,0.292929293,80.44444444,49.23232323,82.2020202,0.32838701,0.535353535,4.951587001,5.087890009,3.03030303,10.64646465,8.858585859,10.6969697,2.168499474,0.278232254,0.232323232,0.161616162,0.481429161,0.112595629,4.373737374,4.393939394,0.053180963,0.039323993,0.356150362,0.390131458
17,DL,8/2/2021,19390.84848,19972.0404,0.906263092,21.01010101,33567.48485,4735.870707,80828.99192,2.111111111,0.143434343,0.111111111,1.218874063,11.88888889,1.364188275,0.065677402,0.43030303,2.927272727,2.680808081,1.939393939,11.14747475,10.61818182,11.36565657,0.907070707,0.135353535,0.244444444,0.226262626,0.898989899,0.242424242,4.115151515,4.076767677,0.010636193,0.016161616,0.071230072,0.078026292,16412.55758,19876.63434,7.727272727,9.928065902,34837.5697,4823.745455,84077.88889,2.171717172,0.131313131,0.111111111,8.804040404,14.55151515,10.63232323,0.065677402,0.466666667,5.383838384,5.034343434,4.890909091,11.41414141,11.17777778,12.07474747,1.101010101,0.055646451,0.171717172,0.224242424,0.993939394,0.248484848,4.414141414,4.446464646,0.010636193,0.022222222,0.274747475,0.292929293,15288.89899,18060.79798,250.3939394,49.64032951,34393.72727,4686.343434,76329.77778,2.191919192,0.393939394,0.393939394,205.9292929,71.06060606,214.5353535,0.32838701,0.606060606,10.8989899,10.6969697,10.80808081,11.96969697,10.1010101,12.48484848,2.168499474,0.278232254,0.089658949,0.292929293,1.04040404,0.112595629,4.101010101,4.232323232,0.053180963,0.039323993,1.191919192,1.363636364
18,GR,8/2/2021,18285.63636,20506.02626,0.906263092,9.928065902,34284.36768,4821.246465,84340.7697,2.345454545,1.826262626,1.727272727,14.50505051,13.21414141,16.71919192,0.065677402,0.43030303,2.557575758,2.476767677,1.567676768,11.01616162,11.2989899,11.57171717,0.894949495,0.117171717,0.193939394,0.18989899,0.818181818,0.157575758,3.915151515,3.967676768,0.010636193,0.007864799,0.212121212,0.222222222,15237.35152,19460.12525,8.036363636,9.928065902,33221.43838,4539.59798,79998.31717,2.161616162,0.161616162,0.129292929,9.543434343,16.23838384,10.15353535,0.065677402,0.464646465,5.543434343,5.650505051,3.046464646,11.44646465,9.537373737,11.92323232,0.931313131,0.256565657,0.236363636,0.212121212,0.923232323,0.185858586,4.127272727,4.151515152,0.010636193,0.007864799,0.795959596,0.909090909,14157.60606,18194.36364,373.9191919,49.64032951,35137.0303,3992.171717,74503.44444,2.656565657,0.515151515,0.555555556,323.2828283,118.4040404,321.010101,0.32838701,0.626262626,13.63636364,14.15151515,20.96969697,13.05050505,9.525252525,12.87878788,2.168499474,0.278232254,0.191919192,0.282828283,0.481429161,0.424242424,3.98989899,3.98989899,0.121212121,0.090909091,1.919191919,2.01010101
19,WS,8/16/2021,21355.69899,12531.32323,3.276767677,49.95353535,54393.91313,4622.864646,82385.31717,1.01010101,0.165656566,0.163636364,1.218874063,29.38383838,1.364188275,0.065677402,0.737373737,0.9903174,1.017578002,1.626262626,12.88484848,11.59191919,13.56161616,1.183838384,0.055646451,0.123232323,0.139393939,0.84040404,0.137373737,40.1030303,40.88080808,0.010636193,0.016161616,0.071230072,0.078026292,18896.00404,12761.55758,32.65252525,29.68080808,52069.60606,4502.282828,79847.53737,0.892929293,0.139393939,0.131313131,11.4,34.23030303,11.43030303,0.065677402,0.731313131,2.036363636,2.22020202,2.094949495,13.51515152,11.9030303,14.88484848,1.256565657,0.055646451,0.139393939,0.155555556,0.907070707,0.163636364,43.09494949,45.14141414,0.010636193,0.007864799,0.071230072,0.078026292,17830.08081,11666.59596,36.26262626,49.64032951,60416.19192,4027.10101,79294.0202,0.565432465,0.131217012,0.11823354,58.07070707,49.27272727,49.63636364,0.32838701,0.797979798,4.951587001,5.087890009,0.898989899,14.08080808,11.8989899,14.49494949,2.168499474,0.278232254,0.222222222,0.054204449,1.02020202,0.112595629,46.77777778,42.53535354,0.053180963,0.039323993,0.356150362,0.390131458
20,GC,8/16/2021,22382.02828,13424.42424,0.906263092,26.51515152,37162.94141,4109.911111,75134.91919,1.739393939,0.123232323,0.111111111,1.218874063,25.75757576,1.364188275,0.065677402,1.517171717,3.294949495,3.391919192,4.331313131,11.60808081,10.16969697,12.18585859,1.317171717,0.181818182,0.163636364,0.218181818,1.101010101,0.153535354,19.98181818,20.25252525,0.03030303,0.028282828,0.208080808,0.226262626,20296.40808,14061.29495,10.88484848,22.84848485,41002.85051,4453.70101,77669.14141,1.666666667,0.16969697,0.151515152,16.04848485,28.57373737,16.08484848,0.065677402,1.96969697,6.985858586,7.056565657,10.93333333,13.25858586,10.62020202,13.22424242,1.565656566,0.161616162,0.22020202,0.197979798,1.301010101,0.145454545,22.28282828,22.43838384,0.032323232,0.036363636,14.92323232,15.08686869,20518.05051,14118.72727,99.42424242,49.64032951,44339.78788,4336.282828,81819.56566,1.898989899,0.292929293,0.252525253,113.010101,50.47474747,114.1919192,0.32838701,0.656565657,12.34343434,12.1010101,5.929292929,13.07070707,12.21212121,13.81818182,2.168499474,0.278232254,0.323232323,0.191919192,1.727272727,0.262626263,21.83838384,21.70707071,0.053180963,0.039323993,1.01010101,1.050505051
21,BG,8/16/2021,22737.2101,14595.93535,0.906263092,36.34747475,31226.63434,4496.121212,71782.54545,2.17979798,0.202020202,0.171717172,1.218874063,26.2969697,1.364188275,0.065677402,0.880808081,3.656565657,3.765656566,2.57979798,11.66666667,11.03030303,12.08686869,1.133333333,0.123232323,0.143434343,0.167676768,0.995959596,0.212121212,15.92323232,16.05252525,0.024242424,0.02020202,0.071230072,0.078026292,21911.01616,15714.0404,6.387878788,35.70505051,36810.03232,4638.111111,79118.95354,2.488888889,0.151515152,0.143434343,14.19191919,29.57373737,15.09292929,0.065677402,1.149494949,8.234343434,7.870707071,4.563636364,12.57979798,11.5030303,13.21818182,1.088888889,0.055646451,0.244444444,0.212121212,1.105050505,0.153535354,17.2969697,17.74141414,0.032323232,0.024242424,0.294949495,0.315151515,18978.94949,12794.53535,95.94949495,49.64032951,31510.64646,3861.111111,68175.88889,2.212121212,0.131217012,0.272727273,113.2626263,66.44444444,108.0505051,0.32838701,0.484848485,11.23232323,11.21212121,5.848484848,12.97979798,8.626262626,13.57575758,2.168499474,0.278232254,0.353535354,0.242424242,1.636363636,0.112595629,17.02020202,17.24242424,0.053180963,0.039323993,0.808080808,0.838383838
22,BN,8/16/2021,19037.77576,13652.68889,1.884848485,36.22424242,26657.80404,3509.551515,63519.74949,1.812121212,0.127272727,0.125252525,1.218874063,14.42020202,1.364188275,0.065677402,1.614141414,2.666666667,2.781818182,1.206060606,8.957575758,6.701010101,9.575757576,1.076767677,0.055646451,0.171717172,0.139393939,0.692929293,0.096969697,10.41414141,10.80808081,0.010636193,0.007864799,0.071230072,0.078026292,18012.48283,13604.75152,12.01414141,37.54343434,31521.83636,3693.242424,67807.33535,1.919191919,0.517171717,0.462626263,12.91717172,16.13131313,13.09494949,0.065677402,2.62020202,6.080808081,6.058585859,2.78989899,10.15151515,8.773737374,10.44242424,1.177777778,0.2,0.173737374,0.195959596,0.739393939,0.202020202,11.75555556,11.90505051,0.010636193,0.018181818,0.204040404,0.22020202,16842.85859,13089.46465,104.3232323,49.64032951,33592.25253,3507.505051,68024.70707,2.070707071,0.393939394,0.414141414,138.3636364,54.28282828,119.959596,0.32838701,0.525252525,4.951587001,10.82828283,4.787878788,10.74747475,9.525252525,10.85858586,2.168499474,0.278232254,0.191919192,0.212121212,1.222222222,0.112595629,13.61616162,11.71717172,0.053180963,0.039323993,0.356150362,0.390131458
23,DL,8/16/2021,18877.71717,19006.9798,2.721212121,40.16969697,31933.94545,4103.880808,79151.4303,1.882828283,0.195959596,0.2,1.218874063,8.278787879,1.364188275,0.065677402,0.626262626,2.460606061,2.523232323,1.993939394,9.64040404,8,10.0969697,1.151515152,0.22020202,0.204040404,0.181818182,0.793939394,0.228282828,5.109090909,5.133333333,0.010636193,0.016161616,0.071230072,0.078026292,16335.66667,19255.8202,6.333333333,34.94141414,35638.7596,4441.589899,82368.45253,1.971717172,0.105050505,0.123232323,8.044444444,9.82020202,8.797979798,0.065677402,0.35959596,4.711111111,4.684848485,3.086868687,10.36161616,8.674747475,11.13939394,1.202020202,0.055646451,0.181818182,0.254545455,0.927272727,0.191919192,5.505050505,5.731313131,0.024242424,0.018181818,0.204040404,0.218181818,15180.28283,18115.18182,136.6767677,49.64032951,35210.20202,4053.090909,77498.87879,2.01010101,1.060606061,1.090909091,119.7575758,38.54545455,124.2828283,0.32838701,0.494949495,4.951587001,5.087890009,4,10.94949495,7.878787879,11,2.168499474,0.278232254,0.089658949,0.333333333,1.232323232,0.232323232,5.292929293,5.383838384,0.053180963,0.039323993,0.727272727,0.390131458
24,GR,8/16/2021,16584.76162,18249.07475,0.906263092,36.03838384,31226.11919,4055.115152,70772.65657,1.783838384,0.096969697,0.084848485,1.218874063,5.642424242,1.364188275,0.065677402,0.288888889,0.9903174,1.017578002,1.75959596,9.462626263,7.95959596,9.739393939,1.167676768,0.153535354,0.187878788,0.171717172,0.652525253,0.197979798,4.127272727,4.183838384,0.010636193,0.007864799,0.071230072,0.078026292,15637.85455,19065.15556,9.866666667,31.77979798,35988.6202,4227.711111,77730.38384,1.96969697,0.105050505,0.125252525,8.290909091,7.195959596,8.763636364,0.065677402,0.414141414,4.537373737,4.593939394,3.216161616,10.41616162,8.466666667,10.85454545,1.290909091,0.216161616,0.224242424,0.234343434,0.953535354,0.232323232,4.701010101,4.703030303,0.010636193,0.007864799,0.246464646,0.246464646,14466.58586,18325.05051,66.33333333,49.64032951,37204.11111,3783.777778,77508.34343,1.808080808,0.131217012,0.11823354,53.35353535,19.04040404,53.62626263,0.32838701,0.393939394,4.951587001,5.087890009,2.272727273,10.83838384,7.616161616,10.86868687,2.168499474,0.278232254,0.089658949,0.292929293,1.505050505,0.272727273,4.565656566,4.616161616,0.053180963,0.039323993,0.356150362,0.390131458
25,WS,8/30/2021,16808.91717,11780.77374,4.094949495,39.85656566,39096.54747,3888.412121,66916.65051,0.783838384,0.117171717,0.125252525,1.218874063,21.11717172,1.364188275,0.065677402,0.757575758,0.9903174,1.017578002,4.858585859,9.438383838,9.048484848,9.137373737,1.187878788,0.055646451,0.103030303,0.080808081,0.711111111,0.022519126,27.51313131,27.74545455,0.010636193,0.007864799,0.155555556,0.078026292,15246.46263,11905.86667,10.97777778,9.928065902,47026.17374,3876.660606,78791.62222,0.741414141,0.262626263,0.282828283,7.757575758,25.97575758,8.591919192,0.065677402,0.949494949,0.9903174,1.017578002,11.43434343,9.561616162,8.323232323,10.24646465,1.171717172,0.055646451,0.090909091,0.103030303,0.814141414,0.056565657,33.45252525,34.78181818,0.010636193,0.007864799,0.191919192,0.21010101,14598.13131,11191.55556,228.0505051,49.64032951,48292.17172,3622.050505,71277.83838,0.565432465,0.363636364,0.343434343,68.15151515,35.97979798,67.15151515,0.32838701,0.848484848,4.951587001,5.087890009,2.858585859,10.06060606,9.141414141,10.6969697,2.168499474,0.278232254,0.089658949,0.054204449,0.481429161,0.112595629,32.56565657,33.70707071,0.053180963,0.039323993,0.356150362,0.390131458
26,GC,8/30/2021,19238.54747,14011.18586,0.906263092,30.95353535,33443.86263,3861.848485,68818.80808,1.319191919,0.117171717,0.115151515,1.218874063,21.82828283,1.364188275,0.065677402,0.523232323,3.591919192,3.321212121,2.787878788,9.773737374,8.83030303,10.01212121,1.137373737,0.055646451,0.117171717,0.212121212,0.878787879,0.050505051,15.78383838,16.66666667,0.03030303,0.028282828,0.163636364,0.175757576,17046.24646,13451.17576,5.597979798,9.928065902,38462.90707,3698.505051,73215.04444,1.454545455,0.098989899,0.127272727,12.84242424,25.06262626,12.25858586,0.065677402,0.511111111,5.555555556,5.961616162,6.862626263,9.876767677,8.882828283,10.59191919,1.038383838,0.055646451,0.204040404,0.16969697,0.729292929,0.262626263,19.1010101,19.3010101,0.04040404,0.032323232,0.254545455,0.333333333,17306.25253,13988.82828,104.0606061,49.64032951,41116.28283,3772.282828,75217.42424,1.676767677,0.343434343,0.343434343,91.2020202,36.7979798,91.57575758,0.32838701,1.04040404,4.951587001,5.087890009,5.575757576,9.787878788,7.353535354,11.05050505,2.168499474,0.278232254,0.292929293,0.171717172,0.481429161,0.555555556,18.42424242,18.62626263,0.053180963,0.039323993,0.777777778,0.888888889
27,BG,8/30/2021,19261.32727,14350.82222,3.18989899,34.12121212,31487.10505,4068.733333,65901.15354,1.686868687,0.145454545,0.107070707,1.218874063,22.73333333,1.364188275,0.065677402,0.395959596,3.797979798,3.690909091,1.721212121,10.08686869,9.846464646,10.15151515,1.155555556,0.165656566,0.2,0.15959596,0.951515152,0.066666667,14.0040404,13.96767677,0.03030303,0.022222222,0.071230072,0.078026292,18202.95758,13339.16566,3.749494949,9.928065902,36635.83636,3886.082828,74004.75152,1.828282828,0.139393939,0.127272727,13.81616162,30.53939394,13.86464646,0.065677402,0.501010101,6.397979798,6.737373737,3.408080808,10.66666667,8.941414141,12.51717172,1.103030303,0.055646451,0.2,0.181818182,0.850505051,0.183838384,17.17171717,19.15959596,0.036363636,0.028282828,0.208080808,0.226262626,19259.46465,14522.26263,115.6767677,49.64032951,43979.52525,3957.525253,76578.79798,1.777777778,0.484848485,0.404040404,79.96969697,40.97979798,84.87878788,0.32838701,0.666666667,10.39393939,5.087890009,3.636363636,10.74747475,9.606060606,11.53535354,2.168499474,0.278232254,0.242424242,0.242424242,0.481429161,0.252525253,16.71717172,16.37373737,0.053180963,0.039323993,0.356150362,0.390131458
28,BN,8/30/2021,16979.54747,13181.11919,0.906263092,31.34747475,25250.84848,3328.272727,59504.31313,1.436363636,0.117171717,0.105050505,1.218874063,12.41010101,1.364188275,0.065677402,0.381818182,3.454545455,3.341414141,6.414141414,8.096969697,9.046464646,8.296969697,0.433699895,0.055646451,0.141414141,0.147474747,0.83030303,0.022519126,9.686868687,9.696969697,0.022222222,0.007864799,0.071230072,0.078026292,14894.64444,13585.53939,3.147474747,9.928065902,26728.40808,3319.624242,60839.91919,1.466666667,0.117171717,0.119191919,8.143434343,13.13131313,8.701010101,0.065677402,0.325252525,5.337373737,5.377777778,1.719191919,8.78989899,7.878787879,8.703030303,0.433699895,0.055646451,0.147474747,0.16969697,0.882828283,0.113131313,10.43636364,10.41818182,0.024242424,0.02020202,0.17979798,0.183838384,15350.45455,12771.31313,171.8383838,49.64032951,31619.14141,3468.656566,70502.74747,1.878787879,0.353535354,0.343434343,156.5050505,56.08080808,159.1717172,0.32838701,0.444444444,10.52525253,10.27272727,6.171717172,8.717171717,8.262626263,9.878787879,2.168499474,0.278232254,0.089658949,0.272727273,0.481429161,0.112595629,11.60606061,11.78787879,0.053180963,0.039323993,0.919191919,0.949494949
29,DL,8/30/2021,17115.77374,17140.08889,4.395959596,36.23434343,29437.8202,3936.092929,70228.72121,1.642424242,0.137373737,0.129292929,1.218874063,8.664646465,1.364188275,0.065677402,0.319191919,2.81010101,2.832323232,2.715151515,8.876767677,7.983838384,8.927272727,0.433699895,0.055646451,0.133333333,0.21010101,0.957575758,0.135353535,6.519191919,6.549494949,0.022222222,0.016161616,0.161616162,0.163636364,15364.50909,17298.1596,5.551515152,9.928065902,31545.41212,4095.408081,71515.89293,1.662626263,0.145454545,0.145454545,7.82020202,9.670707071,8.711111111,0.065677402,0.341414141,4.468686869,4.268686869,4.531313131,9.351515152,8.541414141,9.321212121,0.433699895,0.055646451,0.173737374,0.18989899,1.018181818,0.066666667,6.684848485,6.880808081,0.022222222,0.018181818,0.202020202,0.212121212,15240.69697,17455.38384,150.4444444,49.64032951,40612.23232,3919.40404,83398.25253,1.97979798,0.272727273,0.313131313,118.979798,36.24242424,124.3737374,0.32838701,0.464646465,4.951587001,5.087890009,5.717171717,9.191919192,8.626262626,10.12121212,2.168499474,0.278232254,0.303030303,0.242424242,1.04040404,0.112595629,7.333333333,7.696969697,0.053180963,0.039323993,0.797979798,0.838383838
30,GR,8/30/2021,16294.35758,17181.36364,0.906263092,34.68888889,30118.79798,4015.09899,66317.68081,1.682828283,0.135353535,0.115151515,1.218874063,6.83030303,1.364188275,0.065677402,0.387878788,2.907070707,2.872727273,1.678787879,9.181818182,9.218181818,9.18989899,0.876767677,0.055646451,0.171717172,0.206060606,0.654545455,0.121212121,6.183838384,6.242424242,0.010636193,0.007864799,0.071230072,0.078026292,15209.85455,18569.50303,5.149494949,9.928065902,31313.53333,3980.858586,68755.30505,1.828282828,0.147474747,0.139393939,6.676767677,7.622222222,7.767676768,0.065677402,0.363636364,4.412121212,4.274747475,2.858585859,9.591919192,8.991919192,9.436363636,1.096969697,0.153535354,0.171717172,0.232323232,1.036363636,0.141414141,6.458585859,6.470707071,0.010636193,0.007864799,0.208080808,0.193939394,14953.06061,15958.58586,171.4141414,49.64032951,39233.05051,3629.737374,73066.23232,2.191919192,0.272727273,0.282828283,138.6868687,41.38383838,133.7373737,0.32838701,0.565656566,4.951587001,5.087890009,6.505050505,9.474747475,7.212121212,10.24242424,2.168499474,0.278232254,0.181818182,0.252525253,0.481429161,0.112595629,7,7.060606061,0.053180963,0.039323993,2.484848485,2.808080808
31,WS,9/13/2021,16982.70909,11669.66869,2.18989899,9.928065902,41771.86869,3867.222222,67123.68081,0.626262626,0.107070707,0.121212121,1.218874063,26.07474747,1.364188275,0.065677402,0.987878788,0.9903174,1.017578002,2.41010101,8.733333333,7.313131313,8.004040404,1.395959596,0.055646451,0.082828283,0.096969697,0.775757576,0.022519126,31.30707071,31.31111111,0.010636193,0.007864799,0.071230072,0.078026292,14678.58384,11597.24242,6.929292929,9.928065902,41320.06667,3823.080808,69630.48283,0.644444444,0.347474747,0.363636364,9.248484848,26.8020202,9.696969697,0.065677402,0.981818182,0.9903174,1.017578002,3.195959596,8.571717172,7.397979798,8.113131313,1.262626263,0.055646451,0.109090909,0.094949495,0.666666667,0.022519126,32.18989899,32.4969697,0.010636193,0.007864799,0.242424242,0.232323232,14455.14141,11892.48485,81.63636364,49.64032951,42210.26263,4576.919192,68527.78788,0.565432465,0.292929293,0.353535354,73.50505051,44.25252525,72.62626263,0.32838701,0.696969697,4.951587001,5.087890009,0.808080808,8.888888889,7.606060606,8.434343434,2.168499474,0.278232254,0.089658949,0.141414141,0.481429161,0.112595629,32.17171717,31.49494949,0.053180963,0.039323993,0.356150362,0.390131458
32,GC,9/13/2021,17355.10505,13491.14141,0.906263092,9.928065902,29412.14949,3455.141414,66886.98788,1.325252525,0.135353535,0.119191919,1.218874063,23.05656566,1.364188275,0.065677402,0.454545455,3.35959596,3.535353535,3.387878788,8.204040404,7.838383838,8.01010101,1.04040404,0.055646451,0.171717172,0.149494949,0.725252525,0.068686869,11.82828283,11.39393939,0.034343434,0.028282828,0.071230072,0.078026292,16343.49293,15028.75556,5.046464646,9.928065902,31787.50707,3808.781818,72975.50101,1.402020202,0.212121212,0.17979798,8.771717172,24.44848485,10.26262626,0.065677402,0.822222222,5.266666667,5.012121212,5.402020202,8.305050505,8,8.341414141,0.991919192,0.055646451,0.163636364,0.197979798,0.951515152,0.094949495,12.14747475,12.28686869,0.032323232,0.032323232,0.276767677,0.290909091,14971.57576,13360.42424,63.68686869,49.64032951,30995.75758,3385.080808,62685.0202,1.242424242,0.323232323,0.303030303,78.54545455,31.95959596,78.60606061,0.32838701,0.575757576,4.951587001,5.087890009,4.95959596,9.151515152,9.131313131,8.888888889,2.168499474,0.278232254,0.252525253,0.181818182,1.535353535,0.112595629,11.72727273,11.68686869,0.053180963,0.039323993,0.356150362,0.390131458
33,BG,9/13/2021,18559.50505,14454.71111,0.906263092,9.928065902,27282.53939,3795.585859,65988.59192,1.664646465,0.107070707,0.101010101,1.218874063,20.87474747,1.364188275,0.065677402,0.444444444,3.214141414,3.165656566,1.929292929,8.519191919,8.656565657,8.903030303,0.894949495,0.055646451,0.147474747,0.181818182,0.711111111,0.022519126,9.97979798,9.933333333,0.022222222,0.016161616,0.071230072,0.078026292,17575.97778,14257.8202,6.098989899,9.928065902,29909.10909,3791.123232,69556.24646,1.795959596,0.127272727,0.137373737,10.54747475,21.89292929,11.94545455,0.065677402,0.543434343,5.642424242,5.418181818,4.094949495,9.151515152,9.42020202,9.084848485,1.145454545,0.055646451,0.149494949,0.163636364,1.014141414,0.064646465,10.34141414,10.27676768,0.026262626,0.022222222,0.385858586,0.38989899,16437.91919,13875.0101,72.18181818,49.64032951,27475.66667,4046.181818,65323.85859,1.727272727,0.616161616,0.767676768,96.94949495,28.57575758,82.12121212,0.32838701,1.131313131,4.951587001,5.087890009,3.343434343,10.33333333,8,9.181818182,2.168499474,0.278232254,0.252525253,0.242424242,1.03030303,0.112595629,11.84848485,9.939393939,0.053180963,0.039323993,0.356150362,0.390131458
34,BN,9/13/2021,17521.10707,14450.50101,0.906263092,9.928065902,26019.20808,3797.882828,59683.93737,1.486868687,0.202020202,0.155555556,1.218874063,7.781818182,1.364188275,0.065677402,0.42020202,3.002020202,2.987878788,1.490909091,7.618181818,7.317171717,7.828282828,0.433699895,0.17979798,0.145454545,0.127272727,0.77979798,0.165656566,7.591919192,7.767676768,0.010636193,0.007864799,0.071230072,0.078026292,15544.11111,14276.58182,14.56161616,9.928065902,25544.46263,3506.707071,62535.5798,1.454545455,0.135353535,0.137373737,11.03838384,7.947474747,11.84242424,0.065677402,0.383838384,4.755555556,4.575757576,10.42020202,7.690909091,6.856565657,7.470707071,1.016161616,0.055646451,0.149494949,0.183838384,0.777777778,0.074747475,7.595959596,7.577777778,0.010636193,0.007864799,0.222222222,0.236363636,14671.91919,13696.07071,47.06060606,49.64032951,26729.57576,3350.646465,59257.72727,1.424242424,0.131217012,0.11823354,45.94949495,17.48484848,46.15151515,0.32838701,0.353535354,4.951587001,5.087890009,0.797979798,9.111111111,8.080808081,8,2.168499474,0.278232254,0.089658949,0.272727273,0.481429161,0.112595629,7.686868687,7.676767677,0.053180963,0.039323993,0.356150362,0.390131458
35,DL,9/13/2021,16142.27677,17811.99394,0.906263092,9.928065902,29997.39394,4057.09899,67951.71313,1.567676768,0.153535354,0.113131313,1.218874063,8.882828283,1.364188275,0.065677402,0.397979798,2.383838384,2.466666667,1.733333333,8.494949495,8.006060606,8.503030303,0.433699895,0.143434343,0.151515152,0.145454545,0.915151515,0.117171717,4.96969697,4.997979798,0.010636193,0.007864799,0.071230072,0.078026292,13576.70303,17103.21818,7.145454545,9.928065902,28189.31515,3716.931313,67910.19596,1.547474747,0.127272727,0.133333333,7.636363636,9.339393939,7.802020202,0.065677402,0.36969697,3.602020202,3.816161616,3.636363636,8.565656566,8.325252525,8.644444444,0.901010101,0.055646451,0.187878788,0.167676768,0.757575758,0.078787879,5.175757576,4.985858586,0.010636193,0.016161616,0.228282828,0.24040404,13673.62626,17082.52525,122.8686869,49.64032951,27336.80808,3656.818182,65359.47475,1.696969697,0.131217012,0.11823354,103.5050505,28.85858586,100.8888889,0.32838701,0.454545455,4.951587001,5.087890009,3.909090909,9.373737374,7.646464646,9.323232323,2.168499474,0.278232254,0.303030303,0.262626263,1.03030303,0.112595629,5,4.929292929,0.053180963,0.039323993,0.356150362,0.390131458
36,GR,9/13/2021,16150.52929,18293.69697,0.906263092,9.928065902,29505.02626,4077.127273,68645.8303,1.549494949,0.337373737,0.292929293,1.218874063,9.832323232,3.474747475,0.065677402,0.38989899,2.876767677,2.917171717,2.335353535,8.414141414,7.498989899,8.414141414,0.433699895,0.147474747,0.191919192,0.149494949,0.812121212,0.15959596,4.642424242,4.705050505,0.010636193,0.007864799,0.071230072,0.078026292,13224.53333,17147.93939,21.82222222,9.928065902,29351.77172,3679.620202,67658.38586,1.567676768,0.129292929,0.131313131,8.773737374,9.981818182,8.652525253,0.065677402,0.35959596,4.309090909,4.563636364,7.678787879,8.288888889,7.791919192,8.438383838,0.913131313,0.055646451,0.167676768,0.167676768,0.905050505,0.119191919,4.868686869,4.624242424,0.022222222,0.016161616,0.214141414,0.224242424,12750.0404,16649.20202,263.3636364,49.64032951,28782.27273,3545.424242,63901.50505,1.646464646,0.353535354,0.414141414,183.3434343,36.2020202,183.2727273,0.32838701,0.484848485,4.951587001,5.087890009,8.111111111,8.757575758,7.888888889,8.707070707,2.168499474,0.278232254,0.242424242,0.252525253,0.481429161,0.112595629,4.505050505,4.474747475,0.053180963,0.039323993,0.929292929,0.919191919
37,WS,10/1/2021,19325.07071,12841.18384,0.906263092,9.928065902,50611.19394,4666.739394,76609.04444,0.466666667,0.163636364,0.131313131,1.218874063,36.09494949,2.880808081,0.065677402,0.771717172,0.9903174,1.017578002,25.02222222,5.513131313,5.325252525,5.747474747,0.884848485,0.123232323,0.092929293,0.074747475,0.850505051,0.092929293,34.43636364,35.14949495,0.022222222,0.007864799,0.071230072,0.078026292,17662.05253,12939.77172,6.397979798,9.928065902,52232.77576,4660.127273,76146.31111,0.468686869,0.149494949,0.147474747,23.21010101,36.7030303,24.42828283,0.065677402,0.862626263,0.9903174,1.017578002,29.86666667,5.886868687,5.462626263,5.941414141,0.888888889,0.145454545,0.086868687,0.054545455,0.955555556,0.078787879,34.49292929,35.67878788,0.022222222,0.007864799,0.071230072,0.078026292,18280.30303,13802.43434,51.47474747,49.64032951,55620.90909,5077.666667,78850.25253,0.565432465,0.131217012,0.11823354,76.32323232,58.47474747,77.97979798,0.32838701,0.808080808,4.951587001,5.087890009,1.626262626,7.02020202,6.767676768,6.848484848,2.168499474,0.278232254,0.222222222,0.054204449,0.481429161,0.112595629,35.65656566,35.73737374,0.053180963,0.039323993,0.356150362,0.390131458
38,GC,10/1/2021,21349.06667,16135.84646,0.906263092,9.928065902,41451.6404,4434.662626,81310.97172,1.264646465,0.193939394,0.165656566,1.218874063,23.06060606,2.933333333,0.065677402,0.525252525,2.917171717,3.129292929,8.917171717,6.678787879,6.814141414,7.147474747,0.433699895,0.135353535,0.153535354,0.161616162,0.862626263,0.21010101,16.44040404,16.7030303,0.024242424,0.018181818,0.071230072,0.078026292,18785.58384,15542.37778,6,9.928065902,40145.06465,4291.49697,79239.18586,1.236363636,0.137373737,0.147474747,14.75151515,22.8,16.38989899,0.065677402,0.577777778,4.337373737,4.426262626,10.59393939,7.014141414,6.337373737,7.191919192,0.433699895,0.155555556,0.183838384,0.119191919,0.836363636,0.161616162,16.32323232,16.75353535,0.03030303,0.026262626,0.187878788,0.195959596,18477.65657,16231.44444,90.80808081,49.64032951,43049.71717,4604.868687,77106.84848,1.454545455,0.131217012,0.11823354,94.8989899,33.26262626,96.83838384,0.32838701,0.757575758,4.951587001,5.087890009,6.565656566,7.616161616,6.626262626,7.929292929,2.168499474,0.278232254,0.089658949,0.141414141,0.481429161,0.112595629,16.04040404,16.83838384,0.053180963,0.039323993,0.356150362,0.797979798
39,BG,10/1/2021,20782.71111,15467.55758,0.906263092,9.928065902,36445.78384,4309.929293,76557.13131,1.634343434,0.333333333,0.325252525,1.218874063,20.85252525,4.060606061,0.065677402,0.442424242,2.614141414,2.763636364,8.878787879,7.749494949,7.864646465,8.046464646,1.062626263,0.163636364,0.155555556,0.149494949,0.945454545,0.139393939,14.13737374,14.46262626,0.022222222,0.007864799,0.071230072,0.078026292,19802.94747,15906.39798,5.903030303,9.928065902,37219.65657,4336.983838,77139.77778,1.622222222,0.119191919,0.117171717,17.20808081,21.74949495,18.6040404,0.065677402,0.438383838,4.785858586,4.913131313,11.49292929,8.125252525,7.664646465,8.280808081,1.080808081,0.181818182,0.177777778,0.16969697,0.915151515,0.121212121,14.52121212,15.08080808,0.010636193,0.018181818,0.42020202,0.414141414,18800.9697,15344.09091,34.44444444,49.64032951,38885,4631.333333,74474.78788,1.616161616,0.131217012,0.11823354,51.74747475,24.73737374,53.3030303,0.32838701,0.464646465,4.951587001,5.087890009,5.202020202,8.151515152,7.050505051,8.656565657,2.168499474,0.278232254,0.262626263,0.054204449,0.481429161,0.112595629,14.64646465,14.62626263,0.053180963,0.039323993,0.356150362,0.390131458
40,BN,10/1/2021,18547.72121,14676.96364,0.906263092,9.928065902,31105.66667,3795.064646,68804.51515,1.331313131,0.161616162,0.121212121,1.218874063,10.38787879,3.195959596,0.065677402,0.412121212,2.719191919,2.816161616,12.14343434,6.092929293,6.101010101,6.37979798,0.880808081,0.151515152,0.202020202,0.149494949,0.771717172,0.161616162,10.07878788,10.32727273,0.010636193,0.018181818,0.071230072,0.078026292,16709.55152,14897.48889,6.228282828,9.928065902,31527.6202,3849.046465,68342.16162,1.305050505,0.232323232,0.248484848,11.89494949,10.70505051,13.38787879,0.065677402,0.44040404,4.446464646,4.480808081,14.05858586,6.305050505,5.866666667,6.404040404,1.163636364,0.181818182,0.2,0.139393939,0.886868687,0.214141414,10.03030303,10.38585859,0.022222222,0.018181818,1.149494949,1.098989899,15842.39394,13946.91919,52.45454545,49.64032951,31359.37374,4231.707071,64743.85859,1.353535354,0.444444444,0.464646465,53.94949495,18.19191919,55.26262626,0.32838701,0.333333333,4.951587001,5.087890009,1.878787879,6.535353535,6.787878788,6.676767677,2.168499474,0.278232254,0.089658949,0.054204449,0.481429161,0.112595629,10.02020202,10.14141414,0.053180963,0.039323993,0.356150362,0.390131458
41,DL,10/1/2021,16738.22424,17717.8202,0.906263092,9.928065902,31673.38182,3915.280808,72376.50707,1.482828283,0.595959596,0.575757576,3.402020202,10.98181818,5.193939394,0.065677402,0.391919192,2.080808081,2.173737374,10.21010101,6.618181818,6.537373737,7.402020202,0.433699895,0.191919192,0.18989899,0.149494949,0.785858586,0.163636364,6.137373737,6.361616162,0.010636193,0.007864799,0.071230072,0.078026292,14577.60606,17716.25859,14.69292929,9.928065902,31306.68081,3915.648485,71423.40202,1.442424242,0.109090909,0.119191919,11.00808081,11.62020202,12.46060606,0.065677402,0.363636364,3.317171717,3.408080808,15.50505051,7.351515152,6.666666667,7.464646465,1.268686869,0.147474747,0.125252525,0.185858586,0.874747475,0.092929293,6.16969697,6.377777778,0.010636193,0.007864799,37.95959596,41.75151515,14036.57576,17290.61616,304.8080808,49.64032951,34187.26263,4243.020202,70049.43434,1.464646465,0.272727273,0.323232323,151.0808081,38.3030303,146.0505051,0.32838701,0.525252525,4.951587001,5.087890009,6.777777778,7.454545455,6.292929293,7.656565657,2.168499474,0.278232254,0.303030303,0.054204449,0.481429161,0.112595629,5.919191919,6.181818182,0.053180963,0.039323993,1.01010101,1.02020202
42,GR,10/1/2021,15750.05657,17672.2101,0.906263092,9.928065902,31483.91111,3865.026263,71541.56768,1.446464646,0.135353535,0.121212121,3.258585859,9.307070707,4.987878788,0.065677402,0.339393939,0.9903174,1.017578002,10.52525253,6.717171717,6.808080808,7.553535354,0.433699895,0.228282828,0.185858586,0.173737374,0.626262626,0.151515152,5.694949495,5.804040404,0.010636193,0.007864799,0.071230072,0.078026292,14363.75152,17823.84848,12.08484848,9.928065902,32234.63838,3861.763636,71388.74949,1.486868687,0.183838384,0.202020202,13.87474747,10.14949495,15.13939394,0.065677402,0.38989899,3.187878788,3.385858586,14.69292929,7.44040404,6.731313131,7.771717172,0.977777778,0.183838384,0.171717172,0.157575758,0.696969697,0.092929293,5.894949495,5.983838384,0.010636193,0.007864799,0.21010101,0.212121212,13479.33333,16700.53535,213.2424242,49.64032951,33843.9697,4240.252525,67860.22222,1.686868687,0.484848485,0.404040404,177.1919192,39.3030303,169.5151515,0.32838701,0.565656566,4.951587001,5.087890009,8.525252525,7.838383838,7.252525253,7.97979798,2.168499474,0.278232254,0.252525253,0.054204449,0.481429161,0.112595629,5.575757576,5.696969697,0.053180963,0.039323993,2.141414141,2.111111111
43,WS,10/15/2021,21570.4303,13148.70101,0.906263092,9.928065902,61610.13131,5447.038384,88125.28485,0.357575758,0.298989899,0.276767677,1.218874063,38.20606061,3.785858586,0.065677402,0.658585859,0.9903174,1.017578002,3.494949495,5.054545455,5.026262626,5.155555556,1.347474747,0.055646451,0.094949495,0.088888889,1.107070707,0.022519126,40.83434343,41.8989899,0.010636193,0.007864799,0.071230072,0.078026292,20645.19798,13834.07879,3.892929293,9.928065902,65745.65253,5630.323232,91549.87879,0.393939394,0.135353535,0.151515152,24.7010101,40.25050505,24.55959596,0.065677402,0.802020202,0.9903174,1.017578002,2.529292929,5.626262626,5.218181818,5.694949495,1.244444444,0.187878788,0.139393939,0.094949495,1.054545455,0.092929293,43.10909091,44.10707071,0.010636193,0.016161616,7.272727273,6.268686869,20258.24242,14277.17172,43.08080808,49.64032951,66442.54545,5670.777778,88753.43434,0.565432465,0.282828283,0.292929293,112.3737374,60.22222222,107.7878788,0.32838701,0.808080808,4.951587001,5.087890009,1.616161616,6.171717172,6.323232323,6.787878788,2.168499474,0.278232254,0.181818182,0.054204449,1.191919192,0.112595629,41.96969697,43.28282828,0.053180963,0.039323993,0.356150362,0.390131458
44,GC,10/15/2021,19753.79394,13953.7798,0.906263092,9.928065902,46430.00606,4398.410101,82034.51919,1.026262626,0.139393939,0.137373737,3.537373737,15.3030303,5.529292929,0.065677402,0.521212121,2.478787879,2.664646465,7.775757576,5.216161616,4.876767677,5.452525253,1.290909091,0.195959596,0.163636364,0.145454545,0.898989899,0.111111111,21.92323232,22.74141414,0.028282828,0.026262626,0.071230072,0.078026292,19454.36566,15493.1697,22.73737374,9.928065902,48771.65657,4537.024242,84349.22828,1.147474747,0.161616162,0.173737374,37.93737374,16.63636364,37.93333333,0.065677402,0.571717172,4.056565657,4.298989899,10.05656566,5.804040404,5.43030303,5.842424242,1.395959596,0.274747475,0.202020202,0.202020202,1.012121212,0.062626263,23.09292929,23.65050505,0.03030303,0.024242424,0.183838384,0.15959596,18386.22222,14837.90909,148.6868687,49.64032951,49410.86869,4963.292929,81729.19192,1.282828283,0.131217012,0.515151515,173.3434343,38.54545455,161.5656566,0.32838701,0.565656566,11.3030303,11.57575758,7.404040404,6.494949495,6.353535354,7.070707071,2.168499474,0.278232254,0.313131313,0.054204449,0.481429161,0.112595629,23.25252525,23.74747475,0.053180963,0.039323993,1.242424242,1.242424242
45,BG,10/15/2021,20539.77778,14412.05051,2.862626263,9.928065902,44867.6202,4599.468687,81071.21212,1.329292929,0.206060606,0.161616162,1.218874063,15.87676768,3.723232323,0.065677402,0.517171717,2.331313131,2.505050505,6.981818182,6.61010101,5.888888889,6.557575758,1.2,0.246464646,0.163636364,0.135353535,1.01010101,0.141414141,20.19393939,21.01818182,0.010636193,0.007864799,0.071230072,0.078026292,,,,,,,,,,,,,,,,,,,,,,,,,,,,,,,,,,18520.9798,14034.08081,59.90909091,49.64032951,44684.45455,4688.939394,79429.50505,1.393939394,0.131217012,0.11823354,82.91919192,26.12121212,77.52525253,0.32838701,0.545454545,4.951587001,5.087890009,2.787878788,7.333333333,6.747474747,7.353535354,2.168499474,0.278232254,0.191919192,0.054204449,0.481429161,0.112595629,20.7979798,21.14141414,0.053180963,0.039323993,0.356150362,0.390131458
46,BN,10/15/2021,17537.84242,13160.21616,25.85656566,9.928065902,35970.80202,3909.886869,72439.17778,1.117171717,0.23030303,0.226262626,1.218874063,8.826262626,2.995959596,0.065677402,0.385858586,2.050505051,2.191919192,5.733333333,5.139393939,4.933333333,5.244444444,1.404040404,0.141414141,0.163636364,0.125252525,0.868686869,0.202020202,14.21212121,14.64444444,0.022222222,0.018181818,0.071230072,0.078026292,16369.10303,14049.39596,9.767676768,9.928065902,36802.57374,3950.884848,73562.00606,1.167676768,0.222222222,0.258585859,16.11111111,9.557575758,16.82020202,0.065677402,0.474747475,4.773737374,4.870707071,8.333333333,5.309090909,5.311111111,5.565656566,0.433699895,0.143434343,0.167676768,0.133333333,0.781818182,0.105050505,14.91111111,15.28282828,0.026262626,0.016161616,0.175757576,0.181818182,15879.92929,13058.13131,96.45454545,49.64032951,37657.33333,4074.424242,69453.48485,1.171717172,0.313131313,0.343434343,91.64646465,23.42424242,84.91919192,0.32838701,0.565656566,4.951587001,5.087890009,2.565656566,6.01010101,5.515151515,5.939393939,7.929292929,0.278232254,0.191919192,0.054204449,1.666666667,0.112595629,14.34343434,15,0.053180963,0.039323993,0.356150362,0.390131458
47,DL,10/15/2021,13955.91515,14701.11313,0.906263092,9.928065902,28855.92525,3327.367677,68058.39798,1.244444444,0.208080808,0.173737374,1.218874063,9.246464646,1.364188275,0.065677402,0.355555556,0.9903174,1.017578002,4.280808081,5.616161616,5.761616162,5.783838384,1.103030303,0.286868687,0.153535354,0.143434343,0.739393939,0.18989899,6.284848485,6.448484848,0.010636193,0.007864799,0.071230072,0.078026292,12725.26061,15440.10707,10.86060606,9.928065902,29330.05657,3508.921212,68798.83636,1.286868687,0.264646465,0.286868687,14.36969697,10.89292929,15.37777778,0.065677402,0.674747475,2.818181818,2.943434343,6.517171717,5.876767677,5.476767677,6.42020202,1.080808081,0.290909091,0.161616162,0.135353535,0.739393939,0.022519126,6.464646465,7.096969697,0.010636193,0.007864799,0.480808081,0.460606061,12987.9596,15209.94949,310.3333333,49.64032951,32548.25253,4073.222222,67184.20202,1.535353535,0.343434343,0.343434343,259.6969697,52.52525253,238.969697,0.32838701,0.494949495,4.951587001,5.087890009,10.90909091,6.595959596,6.474747475,6.727272727,2.168499474,0.278232254,0.232323232,0.054204449,0.481429161,0.112595629,6.464646465,6.747474747,0.053180963,0.039323993,1.808080808,1.717171717
48,GR,10/15/2021,13259.90909,14585.50707,0.906263092,9.928065902,28192.79798,3228.913131,66484.4101,1.183838384,0.147474747,0.113131313,2.913131313,8.086868687,4.371717172,0.065677402,0.244444444,0.9903174,1.017578002,6.17979798,5.876767677,5.57979798,6.038383838,0.433699895,0.055646451,0.145454545,0.107070707,0.785858586,0.191919192,5.323232323,5.58989899,0.010636193,0.007864799,0.071230072,0.078026292,11298.96364,14631.61616,10.87070707,9.928065902,27218.13737,3307.59596,65079.86869,1.21010101,0.090909091,0.105050505,13.06464646,8.866666667,13.35757576,0.065677402,0.323232323,2.660606061,2.78989899,7.797979798,6.022222222,5.511111111,6.17979798,0.98989899,0.214141414,0.137373737,0.153535354,0.971717172,0.167676768,5.460606061,5.694949495,0.010636193,0.007864799,0.151515152,0.078026292,12142.07071,15151.91919,423.6868687,49.64032951,32264.48485,4024.151515,66885.81818,1.737373737,0.434343434,0.474747475,343.1515152,57.74747475,316.5555556,0.32838701,0.585858586,10.39393939,11.05050505,17.17171717,6.323232323,6.070707071,7.070707071,2.168499474,0.278232254,0.089658949,0.111111111,0.481429161,0.112595629,5.686868687,5.646464646,0.053180963,0.039323993,1.868686869,2.080808081
